weblink,websites,machine,links,systems,settings,opt-out,anonymous,targeted,request,consent,breach,computer,profile,browsers,electronic,check,trackers,laws,visited,yahoo,third-party,individuals,tools,products,platform,web,safari,visiting,profiles,traffic,phorm's,unique,internet,intercept,investigatory,user,broadband,logged,default,doubleclick,requests,sending,regulations,collect,campaigns,monitoring,isps,browsing,collection,cookies,ad,computers,trial,firefox,digital,sell,user's,company's,software,advertisers,code,advertising,intrusive,database,phorm,trials,technologies,identifiable,sites,talktalk,opt,collected,cookie,allows,update,webwise,store,browser,revenues,delete,adverts,link,tracking,illegal,clicked,tool,obtained,targeting,owned,types,rely,specific,identify,behaviour,log,secret,id,download,protection,abuse,networks,amazon,users,ip,analytics,chrome,adware,mobile,behavioural,users',visits,isp,search,content,location,potentially,records,privacy,devices,click,blog,technical,ads,interception,files,snooping,google's,preferences,tracks,apple's,personally,block,opt-in,google,pages,activity,regulation,provider,tracked,remove,visitors,install,comply,classLabel
politics/2017/apr/02/arron-banks-interview-brexit-ukip-far-right-trump-putin-russia,0,0,4,0,0,0,0,1,0,0,0,1,2,0,0,0,0,0,0,0,0,1,0,0,2,2,0,0,0,0,0,0,1,0,0,1,1,0,0,0,0,1,0,0,1,0,1,1,0,0,0,0,1,0,1,2,0,0,0,0,0,1,0,2,0,0,0,0,0,0,0,0,0,0,0,0,0,0,0,0,0,0,0,0,0,0,0,0,1,0,0,0,0,0,0,1,0,0,0,0,1,0,1,0,1,0,0,1,0,0,0,0,0,0,0,1,0,1,0,0,1,0,0,0,0,0,0,0,0,0,0,0,0,1,0,1,0,0,0,0,0,0,0,1
technology/2017/mar/30/privacy-protection-web-browsing-history-data-congress,1,0,0,0,0,0,0,0,0,2,0,1,0,0,0,0,0,0,0,0,0,0,0,0,0,7,0,0,0,4,0,0,8,1,0,1,4,0,1,0,0,0,0,0,0,0,8,13,0,1,0,0,0,0,0,6,0,0,1,3,0,2,0,0,0,0,0,0,2,0,5,0,0,0,0,0,0,2,0,0,0,0,2,0,0,0,0,0,0,0,0,0,0,0,0,0,0,0,2,0,1,0,5,0,0,0,0,1,0,0,1,2,0,1,1,0,0,8,0,0,1,0,1,0,0,0,0,1,0,0,0,0,0,0,0,0,0,1,0,0,0,0,0,1
commentisfree/2017/mar/30/snoops-buy-your-browsing-history-us-congress,1,0,0,1,0,0,0,0,0,1,0,0,0,0,0,0,0,0,0,0,0,0,0,1,1,3,0,0,0,2,0,0,15,0,0,0,1,0,0,0,0,0,0,0,0,0,0,4,0,0,3,2,0,0,0,3,0,0,1,0,0,1,0,0,0,0,0,0,1,0,0,1,0,0,0,0,0,0,1,0,0,0,0,2,0,0,0,0,0,0,0,0,1,0,0,4,0,0,1,0,0,0,1,0,0,0,0,1,0,0,0,2,2,0,1,0,0,13,0,1,2,0,1,0,1,0,0,0,1,0,0,0,0,4,0,1,1,4,0,1,0,1,0,1
technology/2017/mar/28/internet-service-providers-sell-browsing-history-house-vote,4,0,0,0,0,0,0,2,0,2,0,0,0,0,1,1,0,1,2,0,0,2,1,0,0,6,0,0,0,2,0,0,7,0,0,3,4,0,2,0,0,0,0,0,0,0,15,11,0,1,0,0,0,0,1,2,0,0,0,2,0,2,0,0,0,0,0,0,1,0,3,0,0,1,0,0,0,0,0,0,0,0,2,0,0,0,0,0,0,0,0,0,0,0,0,0,0,0,0,0,0,0,4,0,0,0,0,2,0,0,1,2,1,0,0,0,0,16,0,0,2,0,1,0,0,0,0,0,0,0,0,1,0,2,1,0,0,0,0,0,0,0,0,1
technology/2017/mar/26/12-ways-to-hack-proof-your-smartphone-privacy-data-thieves,1,0,0,0,3,0,0,0,1,0,0,0,0,0,0,3,0,0,0,0,0,0,3,0,0,0,0,0,0,2,0,0,1,0,0,1,0,0,0,0,0,0,0,0,0,1,0,0,0,0,0,1,0,0,0,0,0,0,2,0,1,0,1,0,0,0,0,0,4,0,0,0,0,1,0,0,2,1,0,0,0,0,1,0,0,1,0,0,0,0,0,0,0,0,0,0,1,0,0,1,0,1,4,0,0,0,0,2,0,0,0,0,0,0,0,1,0,2,1,0,1,1,0,0,1,1,0,0,0,0,0,0,0,4,0,1,0,0,0,0,0,6,0,1
uk-news/live/2017/mar/23/westminster-attack-parliament-resumes-tributes-keith-palmer-live,1,0,1,0,0,0,0,1,0,0,1,0,1,0,0,2,0,1,2,0,0,4,0,0,0,0,0,3,1,4,0,1,0,0,0,0,0,0,0,0,0,1,0,0,0,2,0,0,0,0,0,0,0,0,1,0,0,0,0,0,0,0,0,0,0,0,0,0,3,0,0,0,0,0,7,0,0,0,0,0,0,4,0,0,0,0,1,0,0,0,1,2,2,0,0,0,0,0,6,0,0,0,0,0,0,0,0,1,0,0,1,0,2,0,2,1,0,1,0,0,15,0,0,0,0,0,0,0,0,0,1,23,0,2,3,0,0,0,0,0,1,0,0,1
small-business-network/2017/mar/23/beginners-guide-mastering-google-analytics-advice-onespacemedia,0,0,1,0,0,0,0,0,0,0,0,0,0,1,0,3,0,0,0,0,0,0,1,0,0,2,1,0,0,5,0,0,0,0,0,3,0,0,1,0,0,0,0,0,1,0,0,0,0,0,0,0,0,1,1,0,0,0,0,0,1,0,0,0,0,0,0,0,2,0,0,0,0,0,0,0,0,0,0,1,0,1,2,0,0,4,0,0,0,0,0,0,0,7,0,0,2,0,0,0,0,0,7,0,7,1,0,7,0,0,0,0,13,1,0,0,0,0,2,2,0,0,0,0,0,0,0,0,0,0,0,0,0,11,3,0,0,0,1,0,5,0,0,1
politics/blog/live/2017/mar/22/peers-say-brexit-with-no-trade-deal-would-cause-signicicant-damage-to-service-sector-politics-live,0,1,1,0,0,0,0,1,1,0,0,0,1,0,0,0,0,0,0,0,0,1,0,0,0,1,0,1,0,2,0,0,0,0,0,0,0,0,0,0,0,2,0,0,1,1,0,0,0,0,0,0,0,0,0,0,0,0,0,0,0,0,0,0,0,0,0,0,1,0,0,0,0,0,6,0,0,0,0,0,0,4,0,0,0,0,0,0,0,0,2,1,1,2,1,0,1,0,5,0,0,0,1,0,0,0,0,1,0,0,0,0,4,1,2,1,0,0,0,1,16,0,0,0,0,0,0,0,0,0,1,20,0,0,2,2,0,0,0,1,6,0,0,1
politics/2017/feb/26/robert-mercer-breitbart-war-on-media-steve-bannon-donald-trump-nigel-farage,2,2,3,0,0,0,0,0,1,0,0,3,0,0,0,0,1,1,0,0,0,0,3,0,1,2,0,0,4,1,0,0,6,0,0,0,0,0,0,0,0,0,1,0,1,1,0,0,1,0,0,1,0,0,0,0,0,0,0,0,0,1,0,2,0,0,3,0,7,0,0,1,0,0,0,0,0,0,0,0,0,2,0,0,0,0,0,0,1,0,0,0,0,4,0,0,0,0,0,0,0,0,0,0,1,0,0,0,1,0,0,0,6,0,0,3,0,0,0,2,0,0,1,0,0,0,0,0,0,0,0,0,0,10,0,0,1,0,0,0,0,0,0,1
environment/2017/feb/13/what-can-i-do-to-help-elephants,0,0,1,0,0,0,0,0,0,0,0,0,0,0,0,2,0,1,0,0,0,0,1,5,0,1,1,0,0,0,0,0,0,0,0,1,0,0,1,0,0,0,2,1,9,2,0,0,1,0,0,0,0,0,1,0,0,0,0,0,0,0,0,2,0,0,0,0,1,0,0,0,0,2,1,0,0,0,0,0,0,0,1,4,0,0,0,0,0,0,1,2,1,1,0,0,0,2,3,1,1,0,2,0,0,0,0,1,0,0,0,0,2,0,1,0,0,0,0,0,0,0,0,0,0,0,0,0,1,0,0,0,0,0,0,0,0,0,0,0,3,0,0,1
us-news/live/2017/jan/29/donald-trump-us-travel-ban-refugees-airports,1,0,0,0,1,0,0,0,0,1,0,4,3,0,0,4,0,4,0,0,0,6,0,0,1,0,0,4,0,0,0,0,0,0,0,0,0,0,2,0,1,2,0,0,0,0,0,0,0,0,0,0,0,0,0,0,0,0,0,0,1,1,0,0,0,0,0,0,3,0,0,0,0,0,7,0,0,0,1,0,0,2,0,5,0,0,0,2,0,1,1,2,0,1,0,0,2,0,4,0,0,0,0,0,0,0,0,0,0,0,5,0,1,2,0,1,0,0,0,0,6,0,0,0,2,0,0,0,0,0,0,45,0,5,0,0,0,0,0,1,3,1,4,1
technology/2017/jan/13/whatsapp-backdoor-allows-snooping-on-encrypted-messages,0,0,0,3,2,0,0,1,2,0,0,0,0,0,1,0,0,0,0,1,0,2,0,0,1,0,0,0,0,0,0,1,0,4,2,4,0,0,1,0,1,2,0,0,0,0,0,0,1,0,0,0,0,0,1,0,0,0,0,0,1,3,0,0,0,0,0,0,0,0,0,0,0,3,0,0,0,0,0,0,0,0,0,0,0,1,0,1,0,0,0,1,0,1,0,0,0,0,2,0,0,0,17,0,0,0,0,0,0,0,0,0,0,0,0,0,1,10,2,0,0,2,0,2,0,2,0,0,0,0,0,0,0,0,0,2,0,0,0,2,0,0,0,1
technology/2017/jan/07/mac-windows-pc-macbook-pro-microsoft-surface-book,0,5,0,1,0,0,0,0,0,0,0,4,0,0,0,0,0,0,0,0,0,0,0,0,2,3,0,0,0,0,0,1,0,0,0,6,0,0,1,0,0,0,0,0,0,0,0,0,0,0,0,1,2,0,1,0,0,0,1,0,1,1,0,0,0,0,0,0,0,0,0,0,0,0,0,0,1,0,0,0,1,0,0,0,0,0,0,0,0,0,0,0,0,4,0,0,0,1,0,0,0,0,5,0,0,1,0,1,0,0,0,0,0,4,1,0,0,0,1,2,0,1,0,0,0,0,0,1,0,0,0,1,0,1,0,0,0,0,0,4,0,1,0,1
technology/askjack/2016/dec/22/which-programs-should-i-install-when-setting-up-windows-10,0,2,0,0,1,0,0,0,0,0,0,0,0,3,0,0,0,0,0,0,0,0,0,2,0,1,0,0,0,0,0,0,3,0,0,2,0,0,2,0,0,0,0,0,0,0,0,0,0,1,0,0,0,5,0,0,0,0,8,0,0,0,0,0,0,0,0,0,0,0,0,0,0,0,3,0,1,9,0,1,0,0,0,0,0,0,0,0,0,1,0,0,0,0,2,0,0,5,0,0,0,0,3,0,0,8,1,0,0,0,0,0,4,0,0,0,0,1,0,0,1,0,0,0,6,0,0,1,0,0,0,2,0,4,1,0,0,0,0,0,0,5,0,1
technology/askjack/2016/dec/15/whats-the-best-way-to-set-up-a-windows-10-machine,0,2,2,1,10,0,0,0,0,0,0,0,0,0,0,1,0,0,0,0,0,0,0,0,0,2,0,0,0,0,0,0,0,0,0,1,0,1,2,0,0,0,0,1,0,0,0,1,0,0,0,0,0,1,0,0,0,0,1,0,0,2,0,0,0,0,0,0,0,0,1,0,0,0,1,0,4,2,0,0,0,1,0,0,0,0,0,0,0,0,0,0,0,0,2,0,2,2,0,0,0,0,2,0,0,1,0,2,0,0,0,0,3,0,3,0,0,2,2,2,0,0,0,0,3,0,0,0,1,0,0,0,0,5,1,0,0,0,0,1,0,1,0,1
technology/2016/nov/29/facebook-fake-news-problem-experts-pitch-ideas-algorithms,0,2,0,4,0,0,0,0,0,0,0,0,1,0,0,1,0,0,0,0,0,0,0,0,1,1,0,0,0,0,0,0,1,0,0,2,0,0,0,0,0,0,0,0,0,0,0,0,0,0,0,0,0,0,2,0,0,0,1,0,1,2,0,2,0,0,0,0,8,0,1,0,0,0,0,0,0,5,0,0,0,1,0,0,0,0,0,0,0,0,0,0,1,0,0,0,1,0,0,2,2,0,6,0,0,0,0,0,0,0,0,0,2,6,0,0,0,0,0,2,0,0,0,0,0,0,0,1,0,0,0,0,0,7,3,0,0,0,0,1,0,1,0,1
us-news/live/2016/nov/17/donald-trump-transition-cabinet-news-politics-live,0,0,0,4,0,0,0,1,2,0,0,0,0,0,0,0,0,1,0,2,0,4,2,0,0,0,0,0,0,0,0,0,0,0,0,1,0,0,0,0,0,0,1,0,1,1,0,0,0,0,1,0,0,0,0,1,0,0,0,0,0,1,0,4,0,0,0,0,0,0,0,0,0,0,1,0,0,0,0,0,0,2,1,2,0,0,0,1,2,0,0,1,0,0,0,0,1,0,2,1,0,0,2,0,0,0,0,0,0,0,0,0,0,1,0,1,0,0,0,0,0,0,0,0,0,0,0,0,4,0,0,2,0,0,0,2,1,0,0,1,2,0,0,1
technology/2016/nov/10/nsa-trump-protect-yourself,1,0,0,2,2,0,0,2,2,0,1,2,0,0,0,1,0,0,1,0,0,0,1,0,0,3,0,0,0,0,0,1,3,1,0,3,0,1,2,0,0,0,0,0,0,0,0,2,0,0,0,1,0,0,0,0,0,0,2,0,2,0,0,0,0,0,1,0,1,0,0,0,0,0,1,0,1,0,0,0,0,0,0,1,0,0,0,0,0,0,0,0,1,0,0,0,0,0,0,0,0,0,3,1,0,0,0,1,0,0,0,0,0,0,1,0,0,1,1,0,0,0,0,0,1,0,0,1,0,0,0,1,0,4,0,0,0,0,0,0,0,1,0,1
us-news/live/2016/nov/10/donald-trump-barack-obama-white-house-us-election-live-updates,0,2,1,1,0,0,0,1,3,1,0,0,3,0,0,0,0,0,0,0,0,0,0,0,2,0,0,1,0,0,0,0,0,0,0,0,0,0,1,0,0,0,0,0,1,0,0,0,1,0,0,0,17,0,0,0,0,0,0,0,0,0,0,0,0,0,0,0,0,0,0,0,0,1,1,0,0,0,0,0,0,2,0,0,0,2,0,0,3,0,0,1,0,0,0,0,0,0,1,2,0,0,0,0,0,0,0,0,0,0,1,0,1,0,1,0,0,1,0,1,1,0,0,0,1,0,0,2,0,0,0,2,0,0,1,0,0,0,0,0,0,0,0,1
us-news/live/2016/nov/08/us-election-2016-polls-trump-clinton-live,0,3,2,0,0,0,0,0,0,0,0,0,2,0,0,6,0,0,1,0,0,1,0,0,0,0,0,0,0,1,0,3,1,0,0,8,0,0,0,0,0,2,0,0,0,0,0,0,0,1,1,0,0,0,0,0,0,0,1,0,1,2,0,0,0,0,0,0,2,0,0,0,0,0,2,0,0,0,1,0,0,0,1,2,1,0,0,0,0,0,1,0,0,0,0,2,3,0,0,0,0,0,0,0,0,0,0,0,0,0,0,0,0,1,0,2,1,1,0,0,20,0,0,0,0,0,0,0,0,0,0,13,0,0,2,0,0,0,0,1,1,0,0,1
media-network/2016/nov/07/can-advertising-support-free-internet,4,2,0,0,0,0,0,3,0,2,0,0,0,0,0,0,0,0,1,0,0,0,1,4,0,5,0,0,0,0,0,0,9,0,0,2,0,0,0,0,0,0,0,0,10,0,0,0,0,1,8,1,0,0,3,1,0,0,2,1,0,20,1,0,0,0,0,0,0,0,0,1,3,2,0,0,0,0,0,0,0,0,1,0,0,1,0,2,0,0,0,1,1,2,1,0,0,0,2,0,4,0,10,0,1,0,0,0,0,0,0,0,0,6,0,0,0,2,0,0,0,0,5,0,0,0,0,0,0,0,0,0,0,0,0,0,2,1,0,0,0,0,0,1
technology/2016/oct/30/internet-security-password-not-accepted-are-biometric-checks-the-answer,2,1,0,0,0,0,2,0,0,0,0,5,1,0,1,0,0,0,1,1,0,0,0,0,1,1,0,0,0,0,0,0,4,0,0,7,1,1,0,0,0,0,0,1,0,0,0,0,0,1,0,0,0,0,4,0,0,0,2,0,2,0,0,0,0,0,0,0,1,0,0,0,0,1,0,0,1,0,0,0,0,0,0,0,0,2,0,0,0,0,0,0,0,4,3,0,1,0,0,0,0,0,1,0,0,0,0,1,1,0,0,0,2,0,1,0,0,2,1,0,1,0,0,0,0,0,0,0,0,0,0,0,0,6,1,0,0,0,0,0,0,0,0,1
technology/2016/oct/26/black-mirror-episode-playtest-predicted-future-video-games-augmented-reality,1,8,0,4,0,0,0,0,0,0,0,2,8,0,0,0,0,1,0,0,0,0,2,0,0,3,0,0,1,0,0,1,0,0,0,0,0,0,0,0,0,0,0,0,0,0,0,1,1,1,0,0,0,0,3,0,0,0,3,0,1,0,0,1,0,0,1,0,1,0,0,1,0,1,0,0,0,0,0,0,1,0,2,0,0,0,0,1,0,7,0,1,2,5,0,0,0,2,0,0,2,2,1,0,0,0,0,1,3,0,0,0,0,12,0,0,0,1,1,1,1,0,1,0,0,0,0,5,0,0,0,0,0,2,0,1,0,0,0,0,0,0,0,1
us-news/live/2016/oct/19/donald-trump-hillary-clinton-third-presidential-debate-live,0,2,0,0,0,0,0,2,1,2,0,0,1,0,1,22,0,8,0,0,0,0,0,1,0,1,0,0,0,1,0,1,1,0,0,1,0,0,1,0,0,1,1,0,0,0,0,0,1,0,4,0,1,0,0,0,0,0,0,0,0,0,0,0,0,0,0,0,1,0,0,0,0,3,1,0,2,0,0,0,0,3,0,4,0,1,0,0,4,0,0,1,0,0,0,0,1,0,0,5,2,0,3,0,0,4,0,2,0,0,0,0,5,0,0,0,5,0,0,3,3,0,0,0,3,0,0,0,0,0,0,6,0,9,0,0,1,0,0,1,0,0,0,1
technology/2016/dec/04/google-democracy-truth-internet-search-facebook,5,4,6,2,0,0,0,1,0,0,0,2,0,0,0,0,1,4,0,3,0,2,2,0,0,5,0,0,1,2,0,0,12,0,0,0,0,0,0,0,0,1,0,0,1,0,0,0,0,0,3,0,0,0,9,0,0,0,0,0,0,1,0,0,0,1,0,0,12,0,0,0,0,0,0,0,0,0,0,0,0,4,0,0,0,1,0,1,1,3,0,0,0,0,0,1,0,0,0,0,3,0,0,0,0,0,0,0,1,0,1,0,28,3,0,0,1,0,0,4,0,0,1,0,0,0,0,0,0,0,0,0,0,62,1,0,1,0,0,0,0,0,0,1
commentisfree/2016/nov/28/technology-our-lives-control-us-internet-giants-data,0,0,0,0,0,0,0,1,0,0,0,0,0,0,0,0,0,0,0,0,0,1,1,3,2,0,0,0,1,0,0,0,10,0,0,1,0,0,0,0,0,0,0,0,0,0,0,0,0,0,1,0,0,0,4,1,0,0,0,0,0,0,0,0,0,0,0,0,0,0,0,0,0,0,0,0,0,0,0,0,0,0,2,0,0,1,0,0,2,0,0,0,0,1,0,0,0,1,0,0,1,1,3,0,1,0,0,3,3,0,0,0,1,1,1,0,0,9,1,0,1,0,1,0,0,1,0,0,1,0,1,0,0,2,0,0,0,0,1,0,0,0,0,1
technology/askjack/2016/nov/24/how-can-i-protect-myself-from-government-snoopers,3,0,0,0,0,0,4,0,1,0,0,1,0,0,0,0,2,0,1,0,0,0,0,1,0,6,0,0,0,5,0,1,8,0,1,0,0,1,0,0,0,0,0,0,0,0,0,0,0,2,0,2,0,0,0,1,0,0,1,0,0,1,0,0,0,0,0,1,1,0,0,0,0,0,0,0,0,4,0,0,0,0,3,0,0,0,0,0,0,0,0,0,0,0,0,0,0,0,0,0,1,0,2,1,0,0,0,1,0,0,1,7,1,0,0,0,1,7,5,0,2,1,0,0,1,1,0,0,0,0,0,1,0,3,1,0,0,0,4,0,0,1,0,1
politics/blog/live/2016/nov/21/theresa-may-cbi-speech-signals-plan-to-put-workers-on-company-boards-being-watered-down-politics-live,0,0,0,1,0,0,0,0,2,0,0,0,1,0,0,0,0,0,1,0,0,1,0,1,0,1,0,0,0,0,0,0,2,0,0,0,0,0,1,0,1,1,1,0,0,0,0,0,0,0,0,0,0,0,1,1,0,0,0,0,1,0,0,0,0,0,3,0,0,0,0,0,0,1,2,0,1,0,0,0,0,4,0,0,0,0,0,0,0,0,0,2,0,1,0,0,0,0,1,4,0,0,0,0,0,0,0,0,0,0,1,0,0,2,2,1,0,0,0,0,19,1,0,0,0,0,0,0,0,0,0,34,0,1,0,0,1,0,0,0,0,0,1,1
us-news/live/2016/nov/02/trump-clinton-news-live-election-2016,1,1,1,0,0,0,0,1,0,1,0,0,1,0,0,2,0,1,0,0,0,0,0,0,0,0,0,0,0,0,0,0,0,0,0,0,0,0,0,0,0,1,0,1,7,0,0,0,2,0,2,0,1,0,0,0,0,0,0,0,0,0,0,1,0,0,0,0,0,0,0,1,0,0,1,0,0,0,0,0,0,1,0,3,0,0,1,0,0,0,0,1,1,1,0,4,0,0,0,2,0,0,0,0,0,0,0,0,0,0,2,0,0,0,0,0,1,0,0,1,4,0,4,0,0,0,0,0,0,0,1,1,0,0,0,0,1,0,0,0,0,0,0,1
media-network/2016/nov/02/new-social-brands-embracing-messaging-services,2,5,0,1,0,0,0,0,0,0,0,0,0,0,0,0,0,0,0,0,0,0,0,1,2,0,0,0,0,0,0,0,1,0,0,1,0,0,0,1,0,1,0,0,0,0,0,2,0,0,4,0,0,0,1,0,0,0,0,1,0,5,1,0,0,0,0,1,0,0,1,0,0,0,0,0,1,1,1,0,0,0,1,0,0,0,0,0,0,0,0,1,0,1,0,0,0,0,0,0,2,1,4,0,0,0,0,1,0,0,0,0,5,4,2,1,0,3,4,0,0,0,3,0,0,0,0,1,0,0,1,0,0,5,1,1,0,0,0,0,0,0,0,1
us-news/live/2016/nov/01/donald-trump-russia-hillary-clinton-emails-campaign-live,0,2,5,1,0,0,0,0,1,1,0,0,0,0,0,2,0,4,0,0,0,0,0,0,1,1,0,0,0,0,0,1,2,0,0,0,0,0,0,0,0,0,0,1,3,0,0,0,0,0,2,0,1,0,0,0,0,0,1,0,2,2,0,0,0,0,0,0,0,0,0,0,1,0,0,0,0,0,0,0,0,4,7,0,0,0,2,0,3,0,0,0,0,0,1,2,2,0,1,0,0,0,0,0,0,0,0,2,0,0,1,0,0,1,0,3,5,0,0,2,0,0,3,0,1,0,0,0,0,0,0,3,0,0,0,2,0,0,0,0,0,0,0,1
technology/2016/oct/21/how-to-disable-google-ad-tracking-gmail-youtube-browser-history,3,0,0,0,2,0,0,2,0,1,0,0,0,0,0,0,0,0,0,0,0,4,2,1,0,5,0,0,1,0,0,0,4,0,0,2,0,1,0,9,0,0,0,0,0,0,0,3,0,1,4,0,0,0,0,0,0,0,0,0,0,5,0,0,0,0,0,5,0,0,2,0,1,1,3,0,0,0,0,2,0,2,6,0,0,0,0,1,0,1,0,0,0,1,0,0,0,0,1,0,0,0,17,1,0,1,0,0,0,0,0,0,2,0,1,0,1,14,1,0,0,0,3,0,0,0,0,1,5,0,5,0,0,27,0,4,0,0,1,0,1,0,0,1
us-news/live/2016/oct/18/donald-trump-campaign-election-news-hillary-clinton-live,0,0,1,0,0,0,0,0,1,2,0,0,3,1,0,3,0,1,0,0,0,0,1,0,1,1,0,0,0,0,0,0,10,0,0,0,0,0,0,0,0,0,1,0,1,0,0,0,0,0,7,0,0,0,0,0,0,0,0,0,0,1,0,0,0,0,0,0,1,0,0,0,0,0,1,0,0,1,0,0,0,1,0,1,0,1,1,0,0,0,0,1,1,0,0,0,0,0,1,0,0,0,0,0,0,3,0,6,0,0,0,0,0,0,0,0,0,0,1,2,0,0,0,0,1,0,0,0,0,0,3,0,0,0,0,0,0,0,0,0,0,0,0,1
australia-news/live/2016/oct/12/bill-shorten-says-tony-abbott-is-winning-marriage-debate-as-bill-goes-back-to-parliament-politics-live,0,0,0,1,0,0,0,1,1,0,0,0,1,0,0,3,0,2,2,0,0,2,0,0,1,0,0,2,0,0,0,1,0,0,0,0,1,0,0,0,0,0,0,0,0,0,0,0,1,0,0,0,0,0,0,1,0,0,0,0,1,1,0,0,0,0,0,0,0,0,0,0,0,1,2,0,0,0,1,0,0,0,0,0,0,0,1,0,1,1,1,1,1,3,0,0,0,0,1,1,3,0,0,0,0,0,0,0,0,0,2,0,0,0,1,0,1,0,0,0,0,0,1,0,0,0,0,0,0,0,0,0,0,0,0,0,0,0,1,0,0,0,0,1
technology/2016/oct/11/jacob-appelbaum-tor-project-sexual-assault-allegations,0,0,0,0,0,0,1,3,0,1,0,2,1,0,1,0,0,0,0,0,0,1,1,0,0,7,0,0,0,0,0,0,3,0,0,1,0,0,0,0,0,1,0,0,0,0,0,0,0,0,0,1,1,1,2,1,0,0,0,0,0,1,0,0,0,0,0,0,0,0,0,0,0,0,0,0,0,0,0,0,0,0,0,0,0,1,0,0,0,0,0,0,0,6,0,0,1,0,0,2,0,0,0,0,0,0,0,0,0,0,0,0,1,0,0,0,0,2,0,0,13,1,0,0,1,0,0,0,0,0,0,0,0,3,0,1,0,0,0,1,0,0,0,1
us-news/live/2016/oct/09/debate-live-fact-check-trump-tape-presidential-election-republican-critics,0,0,0,0,0,0,0,1,0,2,0,0,3,0,0,25,0,1,0,0,0,0,0,1,0,0,0,0,0,1,0,1,0,0,0,0,0,0,0,0,3,1,1,0,0,0,0,0,0,0,1,0,1,0,1,1,0,0,0,0,2,0,0,0,0,0,0,0,1,0,0,1,0,2,1,0,0,0,0,0,0,0,1,0,0,1,0,0,0,0,0,1,0,0,0,0,3,0,0,0,1,1,0,0,0,0,0,0,0,0,0,0,0,2,0,1,0,0,0,5,1,0,0,0,0,0,0,0,0,0,1,5,0,6,1,1,0,0,0,0,0,0,0,1
us-news/live/2016/sep/26/hillary-clinton-donald-trump-presidential-debate-live,0,0,1,0,0,0,1,2,0,0,0,0,2,1,0,28,0,3,1,0,0,1,1,0,2,6,0,0,0,9,0,1,1,0,0,1,0,0,0,0,1,1,4,0,1,1,0,0,0,0,2,0,1,0,0,1,0,0,0,0,2,0,0,0,0,0,0,0,0,0,0,0,3,1,1,0,0,2,1,0,0,0,4,0,0,1,0,0,0,0,0,2,0,0,0,3,4,0,0,0,1,0,2,0,0,4,0,5,0,0,0,0,0,1,0,0,3,0,2,2,2,3,1,0,1,0,0,0,1,0,0,2,0,0,0,1,1,0,0,0,0,0,1,1
us-news/live/2016/oct/12/donald-trump-campaign-hillary-clinton-2016-presidential-election-live,0,0,2,0,0,0,0,0,1,10,0,0,0,0,0,4,0,3,2,0,0,0,0,1,1,1,0,0,0,0,0,0,1,0,0,0,0,0,0,0,0,0,2,0,3,0,0,0,1,0,1,0,1,0,0,1,0,0,0,0,0,0,0,0,0,0,0,0,3,0,0,0,0,0,1,0,2,0,0,0,0,1,0,4,0,0,3,0,3,0,0,2,0,2,3,1,0,1,0,1,0,0,0,0,0,0,0,0,0,0,0,0,1,0,0,1,1,0,0,1,2,0,1,0,0,0,0,0,0,0,0,17,0,0,0,0,0,0,0,1,0,0,0,1
us-news/ng-interactive/2016/sep/14/john-doe-files-scott-walker-corporate-cash-american-politics,0,0,0,0,0,0,3,2,0,0,0,0,0,0,0,9,0,3,1,0,0,8,0,0,0,1,0,0,0,0,0,0,0,0,0,0,0,0,0,0,1,0,2,0,1,2,0,0,0,0,4,0,0,0,0,0,0,0,0,0,0,5,0,0,0,0,0,0,1,0,0,1,0,0,0,0,0,0,0,0,0,1,0,0,0,0,4,0,1,0,0,1,1,0,0,6,1,0,0,1,0,0,0,0,0,0,0,0,0,0,0,0,0,3,0,1,1,0,0,0,0,0,3,0,28,0,0,0,0,0,1,0,0,1,1,1,0,0,0,3,0,0,0,1
australia-news/live/2016/sep/01/coalition-introduces-company-tax-cut-bills-as-labor-meets-bank-victims-politics-live,0,1,6,1,0,0,0,1,1,0,0,0,0,0,0,1,0,19,0,0,0,2,0,0,0,0,0,1,0,0,0,1,0,0,0,0,0,0,0,0,0,1,1,0,0,0,0,0,0,0,0,0,0,0,0,0,0,0,0,0,1,0,0,1,0,0,0,0,0,0,0,0,0,2,4,0,0,0,0,0,0,3,0,1,0,0,0,4,0,0,0,1,0,1,0,0,0,0,2,6,1,0,0,0,0,0,0,2,0,0,0,0,0,0,0,0,0,0,0,0,0,0,0,0,5,0,0,0,0,0,0,2,0,0,0,0,1,1,0,2,0,0,0,1
technology/2016/jul/29/cozy-bear-fancy-bear-russia-hack-dnc,0,0,1,1,1,0,0,1,1,0,0,3,0,0,1,1,0,0,0,0,0,0,4,0,0,0,0,0,0,0,0,0,0,0,0,2,0,0,0,0,0,0,0,0,1,0,0,0,0,0,2,0,0,0,4,0,0,0,3,0,1,0,0,0,0,0,0,1,0,0,0,0,0,1,0,0,0,1,0,0,0,1,0,0,0,0,1,1,0,1,0,1,0,0,0,0,0,0,0,0,2,0,3,1,0,0,0,0,0,0,0,0,0,1,1,0,0,0,0,2,1,0,0,0,3,0,0,0,0,0,0,0,0,1,0,1,0,0,0,0,0,0,0,1
world/2016/jul/25/can-the-internet-reboot-africa,0,0,0,1,0,0,0,1,0,0,0,0,0,0,0,0,0,0,0,0,0,2,0,1,1,0,0,0,0,1,0,0,19,0,0,0,5,0,0,0,0,1,0,0,0,0,0,0,0,0,0,0,0,0,10,0,0,0,1,0,0,0,0,0,0,0,1,0,1,0,0,0,0,1,0,0,2,0,0,0,0,1,0,0,0,2,0,0,0,0,0,1,0,0,0,0,0,2,0,0,3,1,1,0,0,0,0,20,0,0,1,0,1,1,0,1,2,0,1,0,0,0,0,0,0,0,0,0,0,0,0,0,0,2,0,0,0,1,1,0,0,0,0,1
technology/2016/jul/21/digital-millennium-copyright-act-eff-supreme-court,0,0,0,3,0,0,0,0,0,0,0,8,0,2,2,0,0,4,0,0,0,0,0,5,0,2,1,0,0,0,0,1,2,0,0,0,0,0,0,0,0,0,0,0,0,0,0,0,1,0,0,1,0,3,6,0,0,0,6,0,2,0,0,0,0,0,0,0,0,0,0,0,0,2,0,0,0,1,0,0,0,0,0,3,0,2,0,0,0,0,3,0,0,0,0,0,0,0,1,1,0,0,1,0,0,1,0,2,0,0,0,0,0,1,0,2,1,1,13,0,0,2,1,0,0,0,0,0,0,0,0,0,0,2,0,0,0,0,0,0,0,1,0,1
us-news/live/2016/jul/05/hillary-clinton-donald-trump-obama-campaign-trail-live,0,0,0,3,0,0,0,0,0,0,0,3,0,0,1,0,0,4,0,0,0,3,0,0,1,0,0,0,0,0,0,0,0,0,0,3,0,0,0,0,0,3,1,1,1,1,0,0,3,0,1,0,0,0,0,0,0,0,1,0,0,0,0,0,0,0,0,0,0,0,0,0,0,0,1,0,0,0,0,0,0,0,1,0,0,0,0,0,2,0,0,0,0,0,0,17,0,0,0,0,0,0,1,0,0,0,0,1,0,0,0,0,3,3,0,2,0,0,4,0,0,2,2,0,0,0,0,0,0,0,1,4,0,0,0,4,0,0,0,4,1,0,0,1
technology/2016/jun/29/google-reveals-information-it-knows-about-you-my-activity,0,0,0,0,9,0,2,0,0,0,0,0,0,0,0,0,0,0,0,0,0,0,4,0,0,0,0,0,0,0,0,0,5,0,0,1,0,0,0,1,0,0,0,0,0,0,0,0,0,1,5,0,0,0,0,0,0,0,0,0,0,1,0,0,0,0,0,0,2,0,7,0,1,2,0,0,0,0,0,1,2,0,2,0,0,0,0,1,0,0,0,0,0,1,0,0,0,0,0,0,0,0,9,0,0,3,0,0,2,0,0,0,3,0,0,0,1,2,0,0,0,0,17,0,0,0,0,1,0,0,0,0,0,31,1,5,0,0,1,0,0,0,0,1
australia-news/live/2016/jun/23/australian-election-2016-abbott-tells-bolt-hes-content-where-he-is-politics-live,0,0,1,0,0,0,0,3,1,1,1,0,1,0,0,0,0,4,0,2,0,0,0,0,0,0,0,1,0,0,0,0,1,0,0,0,1,0,0,0,0,0,0,0,5,0,0,0,0,0,1,0,1,0,0,0,0,0,0,0,1,1,0,0,0,0,2,0,0,0,0,0,0,0,1,0,0,0,0,0,0,1,1,0,0,0,1,0,3,0,0,1,0,0,0,2,0,0,7,0,0,0,0,0,0,0,0,0,0,0,1,0,0,3,0,0,3,0,0,0,1,0,1,0,0,0,0,1,0,0,1,0,0,0,1,1,0,0,0,0,0,0,0,1
uk-news/live/2016/jun/17/jo-cox-death-police-labour-mp-latest-updates,0,3,5,0,0,0,0,2,1,0,0,0,2,0,0,0,0,0,1,0,0,0,0,0,2,0,0,1,0,0,0,0,0,0,0,0,0,0,1,0,1,2,0,0,2,0,0,0,0,0,1,0,0,0,0,0,0,0,0,0,0,0,1,0,0,0,0,0,0,0,0,0,0,0,2,0,0,0,0,0,0,3,0,0,0,0,0,0,0,1,0,1,0,1,0,0,2,0,3,2,0,0,0,0,0,0,0,0,0,0,0,0,3,0,0,0,1,0,0,1,1,0,0,0,0,0,0,0,0,0,2,4,0,0,2,1,0,0,0,0,0,0,0,1
politics/live/2016/jun/16/eu-referendum-live-osborne-brexit-budget-leave-tories,0,1,1,0,0,0,0,1,0,0,2,0,2,0,0,1,0,1,3,0,0,1,1,0,2,0,0,1,0,0,0,0,0,0,0,0,0,0,0,0,0,0,0,0,4,0,0,0,0,0,1,0,0,0,0,1,0,0,0,0,0,1,1,0,0,0,0,0,0,0,0,1,0,1,1,0,0,0,0,0,0,1,0,2,0,0,0,0,0,0,1,1,2,2,0,2,0,0,1,0,0,0,0,0,0,0,0,1,0,0,2,0,0,0,0,0,0,2,0,0,6,0,0,0,0,0,0,0,0,0,4,14,0,1,1,4,1,0,1,0,0,0,0,1
info/developer-blog/live/2016/jun/09/guardian-hack-day-june-2016-live,0,4,0,1,0,0,0,0,0,0,0,0,0,0,0,0,0,0,0,0,0,1,0,0,0,4,0,0,0,1,0,0,0,0,0,3,0,0,0,0,0,0,0,0,0,0,0,0,0,0,1,0,0,0,0,0,0,0,0,1,0,3,0,0,0,0,0,0,0,0,0,0,0,2,0,0,0,0,0,0,1,0,1,0,0,2,0,0,0,0,0,0,1,3,0,0,0,0,0,0,1,0,6,0,1,1,0,0,0,0,0,0,1,6,1,0,0,0,0,1,0,1,0,0,1,0,0,0,0,0,0,2,0,1,2,1,0,0,0,0,1,0,0,1
politics/live/2016/jun/01/eu-referendum-live-vote-leave-remain-immigration,0,1,0,1,0,0,0,0,0,0,0,0,4,1,0,2,0,1,0,0,0,0,0,0,3,0,0,4,0,0,0,0,0,0,0,8,0,0,0,0,0,0,1,0,1,0,0,0,0,0,1,0,0,0,1,0,0,0,1,0,0,3,0,0,0,0,0,0,0,0,0,0,0,0,1,0,0,0,0,0,0,0,1,1,0,0,0,0,0,0,1,0,0,1,0,0,4,0,0,1,0,0,0,0,0,0,0,0,0,0,0,0,0,0,0,1,0,0,0,0,5,1,1,0,0,0,0,0,0,0,1,19,0,0,0,1,1,0,0,2,0,0,0,1
world/live/2016/jul/15/turkey-coup-attempt-military-gunfire-ankara,0,1,2,0,0,0,3,4,7,0,1,0,1,0,1,1,0,4,0,0,0,0,0,0,1,0,0,2,0,5,0,0,8,0,0,0,0,0,0,0,0,1,0,0,0,4,0,0,0,0,0,0,2,0,1,0,0,0,0,0,0,0,0,0,0,0,0,0,0,0,0,0,0,0,3,0,0,0,0,1,0,5,0,7,0,0,0,0,0,1,0,0,0,0,0,0,0,0,0,0,3,0,0,0,0,0,0,5,0,0,0,0,1,0,4,0,0,0,0,1,1,0,0,0,0,0,0,0,0,0,1,21,0,0,0,2,0,1,0,1,1,0,0,1
australia-news/live/2016/jun/01/australian-election-2016-bill-shorten-malcolm-turnbull-campaign-politics-live,0,0,0,0,0,0,0,0,0,0,0,0,0,0,1,3,0,1,1,0,0,2,0,0,0,0,0,0,0,0,0,0,1,0,0,0,0,0,0,0,0,2,0,0,5,0,0,0,0,0,3,0,0,0,0,1,0,0,0,0,1,0,0,0,0,0,0,0,1,0,0,1,0,0,0,0,0,0,2,0,0,5,0,0,0,0,0,0,1,0,3,2,2,0,0,2,0,0,0,0,0,0,1,0,0,0,0,0,0,0,0,0,0,3,0,0,4,0,0,0,7,1,0,0,1,0,0,0,0,0,0,2,0,0,1,2,0,0,0,1,0,0,0,1
technology/2016/jul/03/online-security-measures-digital-privacy-guide,2,1,0,0,1,0,0,1,0,0,0,5,1,0,0,4,0,0,0,0,0,0,0,0,0,3,0,1,0,1,0,0,4,0,0,1,0,0,0,0,0,1,0,1,0,0,0,1,0,0,0,0,0,0,2,0,0,0,7,0,0,0,0,0,0,0,1,0,0,0,0,0,0,0,0,0,0,3,0,0,0,0,0,0,0,1,0,1,0,0,0,0,0,0,0,0,0,1,0,0,1,0,0,0,0,1,0,0,0,0,0,1,1,0,1,0,0,2,1,0,0,0,0,0,1,0,0,0,0,0,0,0,0,4,0,2,0,0,1,1,0,2,0,1
politics/live/2016/jun/27/brexit-live-george-osborne-economy-corbyn-shadow-cabinet,0,1,1,0,0,0,0,0,4,1,0,0,1,0,0,1,0,1,0,0,0,1,0,0,1,0,0,0,0,0,0,1,1,0,0,0,0,0,0,0,0,0,1,1,0,0,0,0,0,0,0,0,0,0,0,4,0,0,0,0,0,0,0,0,0,0,0,0,0,0,0,0,0,0,4,0,0,0,0,0,0,2,0,0,0,0,1,0,2,0,0,0,0,0,0,4,1,0,0,8,0,0,0,0,0,0,0,1,0,0,0,0,1,2,0,1,0,0,0,0,9,0,0,0,0,0,0,0,0,0,1,24,0,0,1,2,0,0,0,0,0,0,1,1
australia-news/live/2016/jun/14/australian-election-2016-turnbull-shorten-coalition-greens-labor-politics-live,1,0,0,1,0,0,2,1,1,0,0,0,0,0,0,0,0,2,0,1,0,2,0,0,0,0,0,0,0,0,0,1,0,0,0,0,0,0,0,0,0,0,0,2,3,2,0,0,0,0,1,0,0,0,0,1,0,0,8,0,0,1,0,0,0,0,0,0,0,0,0,0,0,0,0,0,0,0,0,1,0,2,0,0,0,1,0,2,3,0,0,0,1,0,0,0,0,0,0,0,1,0,0,0,0,0,0,0,0,0,3,0,0,0,0,0,2,0,0,1,1,0,3,0,0,0,0,5,0,0,0,0,0,0,1,0,0,1,0,0,0,0,0,1
us-news/live/2016/jun/13/us-presidential-campaign-2016-live-updates-trump-clinton-orlando-shooting,0,0,3,0,0,0,0,1,1,0,0,0,0,0,0,3,0,2,0,1,0,1,1,0,0,3,0,0,0,0,0,0,2,0,0,0,0,0,0,0,0,1,0,0,2,0,0,0,0,0,6,0,0,0,0,0,0,0,0,0,0,0,0,1,0,0,0,0,0,0,0,1,0,1,2,0,0,0,0,0,0,1,0,0,0,0,1,0,0,0,0,1,0,0,0,2,0,0,0,1,1,1,0,0,0,1,0,3,0,0,0,0,0,1,0,0,1,0,0,1,2,0,0,0,0,0,0,0,0,0,1,6,0,0,0,0,0,1,0,0,0,1,0,1
business/2016/may/31/big-gamble-dangerous-british-betting-shops,1,11,1,0,0,0,0,1,0,0,0,1,0,0,2,2,0,0,2,0,0,1,0,1,0,0,0,0,0,0,0,0,0,0,0,0,0,0,0,0,0,0,1,1,0,4,0,0,0,0,0,3,6,0,0,1,0,0,1,0,0,1,0,0,0,0,0,0,0,0,2,0,0,0,0,0,0,0,0,1,0,0,0,1,0,0,0,0,1,0,0,1,0,0,0,0,0,0,0,3,0,0,0,0,0,0,0,1,0,0,0,0,1,0,2,0,1,0,1,0,0,0,1,0,0,0,0,0,1,0,0,0,0,0,1,0,2,0,0,0,0,0,0,1
technology/2016/may/26/amazon-echo-virtual-assistant-child-privacy-law,0,0,0,1,0,0,0,0,0,4,0,0,1,0,1,0,0,0,0,0,0,0,0,0,0,1,0,0,0,0,0,0,2,0,0,0,0,0,0,0,1,0,0,1,0,0,0,0,2,0,0,1,0,0,4,0,0,0,1,1,0,1,0,0,0,0,0,0,0,0,0,1,4,0,1,0,2,0,0,1,0,0,0,0,0,0,0,0,0,0,0,0,0,0,1,0,0,0,1,0,0,6,3,0,0,0,0,1,0,0,0,0,2,0,0,0,0,8,5,0,0,1,0,0,1,0,0,0,0,0,0,0,0,7,0,0,0,1,0,0,0,0,2,1
politics/blog/live/2016/may/18/queens-speech-2016-politics-live,0,0,0,0,0,0,0,0,0,0,0,0,7,0,0,1,0,3,1,0,0,1,0,0,0,0,0,0,0,0,0,0,5,0,3,0,8,0,0,0,0,1,0,1,0,0,0,0,0,0,0,0,0,0,4,0,0,0,0,0,0,0,0,0,0,1,0,0,0,0,1,0,0,0,1,0,0,0,0,0,0,0,0,0,0,0,0,0,0,1,0,0,0,1,0,0,1,0,1,1,0,0,0,0,0,0,0,0,0,0,1,0,2,2,0,4,0,0,0,0,7,1,0,0,0,0,0,0,0,0,1,11,0,0,0,4,3,0,0,0,10,0,0,1
australia-news/live/2016/may/18/australian-election-2016-peter-dutton-says-illiterate-refugees-will-take-australian-jobs-politics-live,0,0,0,0,1,0,0,0,0,0,0,0,1,0,1,2,0,2,0,0,0,0,0,0,1,0,0,0,1,0,0,0,0,0,0,0,0,0,4,0,0,0,0,0,6,0,0,0,1,0,0,0,0,0,0,3,0,0,0,0,0,0,0,0,0,0,0,0,2,0,0,0,0,1,2,0,0,0,0,0,0,0,0,1,0,0,0,1,3,0,2,0,0,1,0,1,0,0,6,0,0,0,0,0,0,0,0,0,0,0,0,0,1,0,0,1,0,0,0,0,1,0,0,0,2,0,0,0,0,0,1,0,0,0,1,1,1,1,0,0,0,0,0,1
technology/2016/apr/27/how-uber-conquered-london,0,0,0,1,0,0,0,0,0,0,0,3,1,0,0,1,0,0,0,0,0,0,0,0,20,1,0,0,0,1,0,0,0,0,0,1,0,1,1,0,1,0,2,0,0,1,0,0,0,0,0,0,0,0,0,0,0,0,1,0,0,0,0,0,0,0,0,0,0,0,0,0,0,0,0,0,1,0,1,0,0,0,0,0,0,0,0,0,0,0,0,0,0,1,3,0,1,2,0,0,1,1,1,0,0,0,0,1,0,0,1,0,0,0,0,1,1,1,1,0,1,0,0,0,0,0,0,0,0,0,0,1,0,0,0,0,0,0,0,0,1,0,0,1
technology/2016/apr/23/facebook-global-takeover-f8-conference-messenger-chatbots,3,0,0,1,0,0,0,0,0,0,0,0,3,0,0,0,0,0,0,0,0,0,2,1,3,0,0,0,1,2,0,0,2,0,0,3,0,0,0,0,1,0,0,0,0,0,0,0,0,0,1,2,0,0,4,1,0,0,0,1,2,2,0,0,0,0,1,0,1,0,0,0,0,2,0,0,1,0,0,0,0,0,1,0,0,1,0,0,1,1,0,0,1,0,0,1,0,2,0,0,0,1,15,0,0,0,0,3,0,0,0,0,0,4,1,1,0,1,0,3,0,1,0,0,0,0,0,0,0,0,0,0,0,1,0,0,0,0,0,0,1,0,0,1
world/2016/apr/21/uk-spy-agencies-collected-bulk-personal-data-since-1990s,0,0,1,0,0,0,0,1,0,0,0,1,0,0,1,1,0,2,0,0,0,6,0,0,0,1,0,0,0,0,0,2,0,1,5,0,0,0,0,0,1,0,0,0,0,0,0,0,1,0,0,0,1,0,0,0,0,0,0,0,1,0,2,3,0,0,0,0,0,0,0,0,0,0,0,0,0,0,0,0,0,0,0,0,0,0,1,0,0,0,1,0,1,0,0,3,0,0,2,0,1,0,0,0,0,0,0,0,0,0,0,0,4,0,0,0,6,6,0,0,0,0,0,1,1,0,0,0,0,0,0,0,0,0,0,2,0,1,0,0,0,0,0,1
technology/2016/apr/18/a-toxic-web-what-the-victorians-can-teach-us-about-online-abuse,0,0,1,3,0,0,0,0,0,0,0,3,1,0,0,0,0,0,0,0,0,1,1,1,6,3,0,0,0,0,0,0,7,0,0,1,0,0,0,0,0,0,0,0,2,0,0,0,0,0,0,0,0,0,2,0,0,0,0,0,0,1,0,0,0,1,0,0,1,0,0,2,0,0,0,0,0,0,0,0,0,0,0,1,0,0,0,0,0,0,0,2,2,4,0,3,3,0,0,5,2,0,3,0,0,0,0,0,1,0,0,0,1,4,0,0,0,1,0,0,1,1,0,0,0,0,0,0,0,0,0,2,0,3,0,1,2,0,0,0,0,0,0,1
media/2016/apr/17/can-internet-save-printed-press-blendle-lumi,0,1,0,0,0,0,0,0,0,0,0,0,1,0,0,0,0,0,0,0,0,0,0,0,5,1,0,0,1,1,0,0,0,0,0,2,0,0,0,0,0,0,0,0,0,0,0,0,0,0,6,0,0,0,10,1,0,0,6,1,0,6,0,0,0,0,1,0,2,0,0,0,0,1,0,0,2,1,0,0,0,1,0,1,1,0,0,0,0,0,1,0,0,0,0,1,0,1,0,0,0,3,5,0,0,0,0,8,0,0,0,0,1,19,0,1,0,0,0,3,0,0,4,0,0,0,0,0,0,0,0,1,0,5,3,0,0,0,0,0,0,0,0,1
technology/2016/apr/13/online-abuse-how-women-are-fighting-back,0,0,1,1,0,0,0,10,0,0,0,1,2,0,0,0,0,1,1,0,0,2,2,0,1,2,0,0,0,0,0,0,3,0,0,1,0,0,0,0,0,0,0,0,2,0,0,0,0,0,1,0,0,0,2,0,0,0,0,0,0,0,0,1,0,0,0,0,4,0,1,0,0,1,0,0,0,0,0,2,0,0,1,0,0,0,0,2,1,0,0,1,0,1,0,0,0,0,2,17,0,0,6,0,0,0,0,0,0,0,0,0,1,4,0,1,0,1,0,0,3,1,0,0,0,0,0,0,0,0,0,2,0,6,0,1,0,0,0,2,0,0,0,1
technology/2016/mar/23/fitbit-for-your-period-the-rise-of-fertility-tracking,0,0,0,2,1,0,0,1,0,0,0,0,1,0,0,2,5,2,2,0,0,1,0,0,0,0,0,0,0,0,0,0,0,0,0,4,0,1,0,0,0,0,0,1,0,1,0,0,0,0,0,0,0,0,1,1,0,0,1,1,0,0,0,0,0,0,3,0,0,0,0,0,0,1,0,0,2,0,0,0,0,0,17,0,0,1,0,0,0,0,0,1,0,1,0,0,0,1,1,0,1,0,16,0,0,0,0,3,0,0,0,0,2,0,1,0,0,5,6,0,0,1,0,0,0,0,0,0,0,0,0,0,0,4,0,3,0,0,0,0,0,0,0,1
world/live/2016/mar/23/brussels-attacks-police-search-airport-bomb-suspect-live,0,0,13,2,0,0,0,0,5,0,0,2,2,0,0,7,0,0,4,0,0,3,0,3,0,0,0,0,1,1,0,0,1,2,0,2,0,0,0,0,0,0,0,0,0,0,0,0,0,0,0,0,0,0,1,0,0,0,0,0,0,0,0,1,0,0,0,0,1,0,0,1,0,2,6,0,0,0,0,0,0,2,0,0,0,2,2,0,0,0,1,1,1,0,0,0,4,0,2,0,1,0,2,0,0,0,0,0,0,0,0,0,25,0,0,0,2,0,6,0,6,1,0,0,2,0,0,0,0,0,0,79,0,0,6,1,0,0,1,3,0,0,0,1
technology/2016/mar/21/facebook-scammers-safety-cybersecurity,2,0,6,0,1,0,0,3,0,0,1,0,2,0,0,0,0,0,0,0,0,0,0,1,4,2,0,0,2,0,0,0,1,0,0,3,0,0,0,0,0,0,0,0,0,0,0,0,0,0,0,0,0,0,0,1,0,0,1,0,0,0,0,0,0,0,0,1,0,0,0,0,0,0,0,0,0,0,0,0,0,1,0,0,0,0,0,0,1,0,0,0,0,0,0,0,0,1,0,0,0,0,20,1,0,0,0,1,0,0,0,0,1,7,0,1,0,5,0,3,2,0,0,0,0,0,0,0,0,0,1,1,0,0,3,0,0,0,0,0,0,0,0,1
politics/blog/live/2016/mar/15/eu-referendum-lynton-crosby-says-leave-campaign-needs-to-highlight-immigration-concerns-politics-live,1,0,0,0,0,0,0,0,0,0,0,0,0,0,2,1,0,5,1,0,0,2,0,1,0,2,0,0,0,0,0,0,8,3,9,0,0,0,0,0,0,0,2,0,2,0,0,1,0,0,1,0,0,0,0,0,0,0,0,0,0,0,1,0,0,0,0,0,0,0,0,0,0,1,1,0,1,0,0,0,0,0,0,0,0,0,2,0,0,0,0,0,0,0,0,0,0,0,1,0,0,0,0,0,0,0,0,0,0,0,0,0,0,0,0,0,4,7,0,0,7,1,0,1,1,1,0,0,0,0,0,6,0,0,1,0,0,0,0,0,0,0,0,1
media/2016/mar/10/why-we-use-adblockers-control-exposed-intrusive-advertising,6,0,1,2,0,0,0,5,0,0,0,0,0,0,0,0,0,0,0,0,0,0,0,0,0,7,0,0,1,2,0,1,4,0,0,8,0,0,0,0,0,0,0,0,0,0,0,3,0,1,10,0,0,0,2,0,0,0,4,3,0,18,1,0,0,0,0,0,1,0,1,0,0,0,0,0,0,1,0,0,17,0,0,0,0,0,0,0,0,1,2,1,0,0,0,0,0,0,5,1,1,0,8,0,0,0,1,1,0,0,0,0,4,27,0,0,0,0,0,1,0,0,21,0,0,0,0,0,0,0,1,1,0,0,3,1,0,0,0,0,0,0,0,1
cities/2016/mar/03/revealed-facial-recognition-software-infiltrating-cities-saks-toronto,0,0,0,1,4,0,0,1,0,1,0,1,4,0,0,0,0,1,0,0,0,2,0,0,3,1,0,0,0,3,0,0,0,0,0,0,0,0,0,0,0,1,0,0,0,0,0,1,0,2,0,0,0,0,0,0,0,0,9,0,0,1,1,2,0,0,2,0,0,0,0,3,0,0,0,0,9,1,0,2,0,0,2,0,0,1,0,0,0,1,1,0,5,0,2,0,0,0,4,0,1,0,0,1,2,0,0,1,0,0,0,0,0,0,6,2,1,6,0,0,0,0,1,0,0,0,0,0,0,0,0,0,0,1,0,0,0,2,0,0,0,0,0,1
technology/2016/feb/04/us-police-data-analytics-smart-cities-crime-likelihood-fresno-chicago-heat-list,0,0,0,4,0,0,0,0,1,0,0,3,0,0,0,0,0,0,1,0,0,0,3,1,0,1,0,0,0,1,0,0,1,1,0,0,0,0,0,0,0,0,0,0,0,0,0,0,3,0,0,0,0,0,0,1,0,0,8,0,0,0,0,1,0,0,6,0,0,0,0,0,0,1,0,0,1,0,0,0,0,0,0,0,0,0,0,1,0,1,1,1,0,0,0,0,0,0,0,0,0,2,0,0,11,0,0,1,0,0,0,0,0,1,0,1,2,0,0,0,1,1,0,0,0,0,0,0,0,0,0,0,0,0,0,1,0,0,0,0,0,0,0,1
politics/blog/live/2016/jan/13/cameron-and-corbyn-at-pmqs-politics-live,1,0,0,0,0,0,0,1,1,0,0,1,0,0,0,0,0,2,2,0,0,0,0,0,0,4,0,0,0,0,0,0,9,2,8,0,0,1,1,0,5,0,0,2,0,0,0,0,3,0,0,2,0,0,0,0,0,0,0,0,0,0,1,0,0,0,0,0,1,0,0,0,0,0,0,0,1,0,0,0,0,1,0,0,0,0,0,0,0,0,0,0,0,0,0,1,0,0,0,0,4,0,0,0,0,0,0,1,0,0,0,0,0,0,0,1,5,3,0,0,5,1,0,5,0,0,0,0,0,0,0,5,0,1,1,0,0,0,0,0,0,0,2,1
us-news/live/2016/jan/31/donald-trump-hillary-clinton-bernie-sanders-ted-cruz-iowa-caucus,0,2,0,0,0,0,0,0,0,0,0,0,2,0,0,1,0,0,0,0,0,0,0,0,1,0,0,3,0,0,0,1,1,0,0,0,0,0,0,0,0,0,0,0,7,0,0,0,0,0,3,0,0,0,1,0,0,0,0,0,0,1,0,0,0,0,0,1,1,0,0,0,0,0,1,0,0,0,0,0,0,1,1,1,0,0,0,0,0,1,0,0,1,0,0,2,0,0,1,0,0,0,0,0,0,1,0,0,0,0,0,0,4,0,0,0,1,0,0,1,2,1,3,0,1,0,0,0,0,0,1,28,0,5,0,0,3,0,0,0,0,0,1,1
us-news/live/2016/jan/28/fox-news-republican-debate-des-moines-iowa-donald-trump-megyn-kelly-live,0,0,0,0,0,0,0,0,0,0,0,0,0,0,0,1,0,1,1,0,0,0,0,0,0,0,0,0,1,1,0,2,0,0,0,12,0,0,1,0,0,0,2,1,1,0,0,1,3,0,2,0,0,0,0,1,0,0,0,0,7,0,0,0,0,0,1,0,0,0,0,0,0,0,0,0,1,0,0,1,0,0,2,0,0,0,0,0,0,0,0,0,1,0,0,0,7,0,1,0,4,1,0,0,0,0,0,0,0,0,0,0,6,0,0,1,1,1,0,0,1,0,1,0,0,0,0,0,0,0,1,4,0,19,2,0,2,0,0,1,0,0,0,1
technology/2016/jan/03/web-advertisers-blocking-digital-monitoring-ethan-zuckerman,2,0,0,1,0,0,0,0,0,0,0,2,0,1,0,1,0,0,0,0,0,0,2,0,0,11,1,0,0,0,0,1,1,0,0,1,0,0,0,0,0,0,0,0,0,0,0,0,0,0,18,0,0,0,0,0,0,0,2,4,0,7,1,0,1,0,0,0,0,0,0,0,0,0,0,1,0,1,0,0,0,1,3,0,0,0,0,2,0,0,1,0,0,0,0,0,0,0,0,0,0,0,4,0,0,0,0,4,0,0,0,0,0,4,0,0,0,0,1,1,2,0,14,0,0,0,0,0,0,0,0,1,0,0,0,0,0,0,1,0,0,1,0,1
technology/askjack/2016/jan/14/how-can-i-stop-pop-up-ads-in-windows,5,0,0,1,4,0,0,1,0,0,0,1,0,2,0,2,3,0,0,0,0,0,0,1,0,1,0,0,0,0,0,0,0,0,0,0,0,0,2,1,0,0,0,0,0,0,0,0,0,0,1,0,0,6,0,0,0,0,1,1,0,2,1,0,0,0,0,0,0,0,0,0,0,0,0,0,2,5,0,0,0,0,1,0,0,1,0,0,0,0,0,0,0,0,0,0,0,2,0,0,0,0,0,0,0,4,4,0,0,0,0,0,2,2,0,1,0,1,1,8,2,0,9,0,2,0,0,0,0,0,0,6,0,7,0,0,0,0,0,4,0,0,0,1
technology/2016/jan/12/shops-could-soon-be-targeting-ads-according-to-your-feet,2,2,0,1,0,0,0,4,0,1,0,1,0,0,0,0,0,0,0,0,0,1,0,1,0,0,0,0,0,0,0,0,1,0,0,0,0,0,0,0,0,0,0,0,0,1,0,0,0,5,0,0,0,0,1,0,0,0,1,0,0,5,1,1,0,0,2,1,1,0,0,0,0,0,0,0,5,1,0,0,1,0,6,0,0,0,0,0,0,1,0,1,2,0,0,0,0,0,0,0,0,2,0,0,7,0,0,0,0,0,0,0,1,0,0,0,0,1,1,2,0,0,2,0,0,0,0,0,0,0,1,0,0,0,0,0,0,0,0,0,0,0,0,1
technology/2015/dec/29/irans-blogfather-facebook-instagram-and-twitter-are-killing-the-web,4,0,6,0,0,0,0,0,0,0,0,0,2,0,0,0,0,0,0,0,0,0,1,0,2,30,0,0,0,1,0,1,9,0,0,0,0,0,1,0,0,0,0,0,0,0,0,0,1,0,1,0,0,0,2,0,0,0,0,0,0,3,0,1,0,0,0,0,0,0,0,0,0,0,0,0,0,1,0,0,0,5,0,0,0,0,0,0,1,1,0,0,0,1,1,0,0,1,0,0,8,0,2,0,0,0,0,3,0,0,0,0,2,2,0,0,0,0,0,1,4,0,0,0,0,0,0,0,0,0,0,1,0,4,1,0,0,0,0,0,0,0,0,1
us-news/live/2015/dec/15/cnn-republican-presidential-debate-december-15,0,1,0,0,0,0,0,0,1,0,0,1,0,0,0,3,0,1,2,0,0,0,4,1,0,2,0,0,0,2,0,0,20,0,0,1,1,0,1,0,0,1,0,2,1,4,0,0,11,0,1,1,0,0,1,0,0,0,0,0,2,1,0,0,0,0,0,0,2,0,0,0,0,0,3,0,0,0,0,0,0,0,1,2,0,1,0,1,0,0,0,2,2,0,0,2,1,0,0,1,0,0,3,0,0,0,0,2,0,0,0,0,3,1,1,0,7,1,0,0,1,1,0,0,1,0,0,0,0,0,3,10,0,2,0,1,0,0,0,0,0,1,0,1
technology/2015/nov/26/online-privacy-security-tips,7,0,0,1,1,0,0,1,0,1,1,0,0,0,0,0,0,1,0,2,0,0,1,1,0,5,0,0,0,2,0,0,11,0,1,3,0,0,0,0,0,0,0,0,0,0,0,0,0,0,1,0,0,0,3,0,0,0,0,1,0,1,0,0,0,0,0,0,0,0,1,0,0,0,1,0,0,0,0,1,0,0,0,0,0,0,0,0,0,2,0,0,0,0,0,0,0,1,0,1,0,2,1,0,1,0,0,0,0,0,0,0,0,6,2,0,1,9,0,1,0,0,0,0,0,0,0,0,0,0,0,0,0,5,0,0,0,1,0,1,0,0,1,1
us-news/live/2015/dec/04/san-bernardino-shooting-victims-named-live,1,0,1,0,0,0,2,4,0,0,0,0,5,0,3,1,0,5,0,0,0,11,1,0,0,0,0,0,0,0,0,0,1,0,0,1,0,0,0,0,0,1,0,0,0,0,0,1,0,0,0,0,0,0,7,1,0,0,0,0,0,0,0,0,0,0,0,0,0,0,0,5,0,0,3,0,6,0,0,0,0,1,1,0,0,0,0,0,0,1,0,0,1,1,0,0,2,0,0,2,1,0,0,0,0,0,0,0,0,0,0,0,6,0,3,0,2,2,2,0,1,0,0,0,0,0,0,0,1,0,0,32,0,0,1,0,0,0,0,0,0,0,0,1
politics/blog/live/2015/dec/02/syria-airstrikes-mps-debate-vote-cameron-action-against-isis-live,1,3,0,1,0,0,2,1,3,0,2,0,2,0,0,1,0,1,0,0,0,2,0,0,0,0,0,2,0,2,0,1,2,0,0,0,0,0,0,0,1,3,0,0,0,0,0,0,0,0,0,0,0,0,0,0,0,0,0,0,0,0,0,0,0,0,0,0,0,0,0,0,0,0,3,0,0,0,2,0,0,1,0,2,0,0,0,6,0,0,1,0,3,0,0,0,0,0,0,7,1,0,0,0,0,0,0,0,0,0,0,0,2,0,0,2,0,0,0,2,46,0,0,0,0,0,0,1,0,0,0,41,0,6,0,2,0,0,0,2,0,0,0,1
media-network/2015/nov/23/creative-approach-online-advertising,1,0,0,0,0,0,0,2,0,0,0,0,0,0,0,0,0,0,0,2,0,0,0,0,1,3,0,0,0,0,0,0,0,0,0,0,0,0,0,0,0,0,0,0,1,0,0,0,0,0,6,0,1,0,7,0,0,0,2,2,0,27,0,1,0,0,0,0,1,0,0,0,0,0,1,0,0,0,0,0,0,0,1,0,0,0,0,2,0,0,0,1,0,1,0,0,0,0,0,0,0,1,1,0,1,0,0,12,0,0,0,0,0,10,0,0,0,0,2,0,0,0,10,0,0,0,0,0,0,0,0,1,0,5,2,0,0,0,1,0,0,0,0,1
world/live/2015/nov/16/paris-attacks-france-terrorism-isis-obama-hollande-war,1,0,0,0,0,0,6,4,3,0,0,0,2,0,1,0,0,2,0,0,0,0,0,0,1,0,0,0,0,0,0,0,3,0,0,0,0,0,0,0,1,1,0,0,0,0,0,0,0,0,0,0,0,0,0,0,0,0,0,0,0,0,0,0,0,0,0,0,1,0,0,0,0,0,0,0,1,0,2,0,0,4,1,1,0,0,0,2,0,0,0,0,0,0,0,0,1,0,0,0,0,0,1,0,0,0,0,1,0,0,0,0,0,0,1,1,0,3,0,0,3,1,0,0,0,0,0,0,0,0,0,60,0,0,1,0,0,1,3,0,0,0,0,1
world/live/2015/nov/16/paris-attacks-france-airstrikes-isis-raqqa-syria-live,0,0,4,0,0,0,1,13,7,0,0,1,1,0,0,2,0,1,2,0,0,0,0,0,0,0,0,0,0,0,0,0,1,0,2,0,0,0,0,0,0,1,0,0,0,1,0,0,0,0,2,0,0,0,0,0,0,0,0,0,0,0,0,0,0,0,0,0,8,0,0,0,0,3,1,0,0,0,0,0,0,4,1,1,0,0,1,3,0,1,0,3,0,0,0,0,1,0,0,0,1,0,1,0,0,0,0,0,0,0,1,0,7,0,0,4,1,0,0,0,2,1,0,0,2,0,0,0,0,0,0,67,0,0,1,0,0,0,1,0,1,0,0,1
world/2015/nov/05/mass-snooping-and-more-the-measures-in-theresa-mays-bill,1,0,1,0,0,0,0,2,1,0,0,2,0,0,0,0,0,0,3,0,0,1,0,0,0,4,0,0,0,0,0,0,5,2,2,0,0,0,0,0,3,0,0,1,0,0,0,0,2,0,0,2,0,0,0,0,0,0,0,0,1,0,2,0,0,0,0,0,4,0,0,0,0,0,0,0,1,0,0,0,0,1,0,1,1,0,1,0,0,0,0,0,2,0,0,2,0,0,0,1,1,0,0,0,0,0,0,1,0,0,0,0,0,0,0,0,5,1,1,0,0,0,0,3,0,1,0,0,0,0,0,0,0,1,0,0,0,0,0,0,0,0,0,1
world/2015/nov/04/surveillance-laws-theresa-may-snoopers-charter-internet-browsing-qa,1,0,0,0,0,0,1,1,0,0,0,1,1,0,0,0,0,0,1,0,0,0,0,0,0,2,1,2,0,2,0,0,18,0,1,0,1,1,0,0,0,0,0,0,0,0,5,13,2,0,0,3,0,0,0,0,0,0,0,0,0,0,0,0,0,0,0,0,2,7,0,0,0,1,0,0,7,3,0,0,0,1,0,0,0,0,0,0,0,0,0,1,0,0,2,0,0,0,0,0,1,0,5,0,0,1,0,1,0,0,0,8,0,0,0,0,3,0,2,0,1,1,0,0,0,0,0,0,0,0,0,0,0,2,1,2,1,1,0,0,0,0,0,1
politics/blog/live/2015/nov/04/surveillance-internet-snoopers-charter-may-plans-politics-live,0,0,1,1,0,0,0,1,2,1,0,1,0,0,0,2,0,10,5,0,0,1,0,0,0,8,0,1,0,2,0,0,52,3,29,1,0,0,0,0,2,0,0,1,0,0,1,12,5,0,0,1,0,0,4,1,0,0,0,0,0,0,9,0,0,0,0,0,6,2,1,0,0,0,3,0,3,0,0,0,0,0,2,1,0,0,0,0,0,0,1,1,2,0,1,8,1,0,5,4,0,0,0,2,0,0,0,0,0,0,1,0,0,10,0,1,14,16,2,0,12,1,0,16,3,3,0,0,0,0,0,14,0,0,1,3,0,0,0,0,0,0,1,1
technology/2015/oct/31/real-hackers-hiding-behind-the-cliches-of-talktalk-and-mr-robot,1,0,1,2,0,0,3,0,0,0,3,9,3,0,0,0,0,0,0,0,0,1,1,0,0,2,0,0,1,2,0,0,1,0,0,0,1,0,0,0,0,0,0,0,0,0,0,0,0,0,0,4,0,0,1,0,0,0,1,0,1,0,0,0,0,0,1,0,0,5,0,0,0,0,0,0,0,0,0,0,0,1,0,1,0,0,0,0,0,1,0,0,1,1,0,2,0,1,0,0,0,0,1,0,0,0,0,0,0,0,0,0,0,0,0,0,1,0,0,0,0,2,0,0,0,0,0,0,0,0,0,0,0,0,0,0,0,1,0,0,0,0,0,1
money/2015/oct/19/dridex-fraudsters-online-cyberspace-thieves-personal-details,0,1,1,1,1,0,0,1,1,0,0,8,0,0,0,4,0,0,0,0,0,2,0,1,0,0,0,0,0,1,0,0,2,0,0,2,0,0,0,0,0,0,0,0,0,0,0,1,0,0,0,1,0,0,0,0,0,0,1,0,0,0,0,0,0,0,0,0,2,0,0,0,0,1,2,0,1,2,0,0,0,2,0,0,0,0,0,1,0,0,0,0,0,0,0,0,0,1,0,1,0,0,2,0,0,0,0,3,0,0,0,0,0,0,0,0,0,1,1,1,0,0,0,0,0,0,0,0,0,0,0,0,0,0,0,0,0,0,0,0,0,1,0,1
us-news/live/2015/oct/13/cnn-democratic-debate-bernie-sanders-hillary-clinton-las-vegas,0,1,1,0,0,0,0,0,1,0,0,0,1,0,0,2,0,6,1,1,0,0,0,0,0,0,0,0,0,0,0,0,0,0,0,4,0,0,1,0,0,1,1,1,1,0,0,0,0,0,0,0,0,0,0,0,0,0,0,0,0,0,0,0,0,0,0,0,0,0,0,0,0,0,2,0,0,0,0,0,0,0,1,0,0,1,1,0,0,0,0,0,0,0,0,1,0,0,0,0,0,0,0,0,0,0,0,0,0,0,0,0,2,1,0,3,0,0,0,1,1,0,1,0,2,0,0,0,0,0,0,14,0,3,1,1,1,0,0,0,0,0,0,1
media-network/2015/oct/07/changing-media-summit-speakers-2016,0,0,0,0,0,0,0,0,0,0,0,0,1,0,0,0,0,0,0,0,0,0,2,8,10,2,0,0,0,1,0,4,9,0,0,1,0,0,0,0,0,0,0,0,1,0,0,0,0,0,7,0,0,0,50,1,0,0,1,5,0,31,0,0,0,0,3,0,0,0,0,0,0,0,0,0,1,0,0,0,0,0,0,0,0,0,0,2,3,0,1,0,1,1,0,0,0,0,0,0,0,2,1,0,4,0,0,20,0,0,0,0,1,10,0,0,0,0,0,3,3,1,1,0,0,0,0,0,0,0,0,0,0,12,1,2,0,0,0,0,0,0,0,1
technology/2015/sep/18/mobile-adblocking-boom-apple-safari,1,0,0,0,0,0,0,0,0,0,0,1,1,0,0,0,0,0,1,0,0,0,1,0,0,4,1,0,0,0,0,0,0,0,0,3,0,0,0,1,0,0,0,0,0,0,0,0,0,1,7,0,0,0,0,1,0,0,2,2,1,2,0,0,0,0,0,0,1,0,0,0,0,0,0,0,0,3,0,0,5,0,1,0,0,0,0,0,0,0,0,2,0,0,0,0,0,0,0,0,3,0,3,1,1,0,0,4,0,0,0,0,0,12,0,0,0,1,0,0,0,0,4,0,0,0,0,0,0,0,0,5,0,1,0,0,0,0,0,0,0,0,0,1
media-network/2015/oct/01/mobile-marketing-deleted-effective-sms-messages,0,0,0,0,0,0,1,1,0,1,0,0,0,0,3,2,0,0,0,0,0,1,0,3,1,0,0,0,0,0,0,1,0,0,0,1,0,0,0,0,0,1,1,1,4,0,0,0,0,0,0,0,0,0,1,0,0,0,1,2,0,4,1,0,0,0,0,0,0,0,2,0,0,0,0,0,0,0,0,0,0,0,1,0,0,0,0,0,0,0,0,1,0,0,0,0,0,0,1,0,0,0,1,0,0,0,0,15,0,0,0,0,2,2,2,0,0,1,0,0,3,0,0,0,0,0,0,0,0,0,0,1,0,1,0,1,0,0,0,0,0,0,0,1
politics/blog/live/2015/sep/29/labour-conference-jeremy-corbyns-speech-politics-live,0,0,1,0,0,0,0,0,1,0,0,0,0,0,0,0,0,1,0,0,0,0,0,1,0,0,0,0,0,1,0,0,0,0,0,1,1,0,0,0,0,1,0,1,0,1,0,0,1,0,0,0,1,0,1,1,0,0,0,0,0,0,0,0,0,0,0,0,0,0,0,0,0,0,0,0,0,0,0,0,0,0,0,2,0,1,0,0,4,2,0,0,1,0,0,1,0,0,0,2,2,0,0,0,0,0,0,1,0,0,0,0,0,1,0,1,0,0,0,0,8,1,0,0,1,0,0,0,0,0,1,4,0,0,1,1,0,0,0,0,0,0,0,1
world/live/2015/sep/23/pope-francis-in-washington-dc-live-coverage,0,0,0,0,0,0,1,0,1,0,0,0,1,0,0,4,0,0,1,1,0,3,0,0,0,0,0,1,0,0,0,1,0,0,0,1,0,0,1,0,0,1,2,0,0,0,0,0,0,0,1,0,0,0,0,0,0,0,0,0,0,0,0,0,0,0,0,0,0,0,0,0,0,1,0,0,1,0,0,0,0,0,0,2,0,0,0,0,0,0,1,2,0,0,0,4,0,0,1,16,0,3,0,0,0,0,0,0,0,0,1,0,3,0,0,0,0,0,1,0,1,0,0,0,2,0,0,0,0,0,1,2,0,0,0,0,0,0,0,0,4,0,0,1
world/live/2015/sep/22/pope-francis-journeys-to-washington-dc-to-begin-historic-us-visit-live-updates,0,0,0,0,0,0,0,0,0,0,0,1,1,0,0,1,0,0,5,0,0,3,0,0,1,0,0,2,0,1,0,2,2,0,0,4,1,0,0,0,1,1,0,0,0,1,0,0,0,0,0,0,0,0,0,0,0,0,0,0,0,0,0,0,0,1,0,0,1,0,0,0,1,1,1,0,4,0,0,0,0,1,0,1,0,0,0,0,0,0,0,1,0,0,0,0,2,0,0,0,1,0,0,0,0,0,0,0,0,0,6,0,0,2,1,0,0,0,0,0,7,0,0,0,0,0,0,0,0,0,2,9,0,0,0,0,0,0,0,0,1,0,0,1
technology/2015/sep/20/50-apps-to-improve-your-smartphone,0,0,1,0,0,0,0,0,0,0,0,0,2,0,0,4,0,0,0,3,0,0,1,3,0,0,0,0,0,0,0,0,1,0,0,1,0,0,2,0,0,0,0,1,0,0,0,1,1,0,1,1,0,0,5,0,0,0,2,0,0,1,0,2,0,0,0,0,2,0,0,0,0,0,1,0,1,0,0,0,0,0,2,0,0,3,0,0,0,0,0,0,2,0,1,1,0,1,0,0,0,0,4,0,0,0,0,6,0,0,0,0,1,1,0,0,0,2,2,0,0,0,1,0,1,0,0,0,0,0,0,0,0,11,0,0,0,0,0,0,0,0,0,1
technology/2015/sep/18/facebooks-opt-out-tracking-ads-not-enough-privacy-expert,1,0,0,0,1,0,0,0,0,2,0,0,0,1,0,0,0,0,0,0,0,0,2,0,0,2,0,0,0,0,0,0,0,0,0,0,0,0,0,0,0,0,0,1,0,0,0,1,0,1,2,0,0,0,1,0,0,0,1,0,1,6,0,0,0,0,0,0,4,0,5,0,1,2,0,0,0,0,0,0,0,0,8,0,0,3,0,0,0,0,0,0,0,0,0,0,0,0,4,0,0,0,11,1,0,0,0,1,4,0,1,0,0,1,0,0,0,14,1,0,0,0,4,0,0,0,0,0,1,0,0,0,0,0,0,0,0,0,0,0,1,0,0,1
technology/2015/sep/17/adblockers-ios-9-app-charts-peace,0,0,0,0,0,0,0,0,0,0,0,0,1,2,0,1,2,0,0,0,0,0,0,0,0,2,2,0,1,0,0,0,0,0,0,1,0,0,1,0,0,0,0,0,0,0,0,0,0,0,3,0,0,0,0,0,0,0,1,0,1,2,0,0,0,0,0,0,1,0,0,0,0,1,0,0,1,2,0,0,4,1,1,0,0,0,0,0,0,0,1,1,0,0,0,0,0,1,1,0,0,0,5,0,0,0,0,1,0,0,0,0,0,6,0,0,0,3,0,0,0,0,5,0,0,0,0,0,0,0,0,2,0,2,0,0,0,0,0,0,0,1,0,1
technology/2015/sep/11/windows-10-tips-tricks,1,1,0,0,15,0,0,0,0,0,0,4,0,0,0,2,0,0,0,0,0,0,0,0,0,6,0,0,0,0,0,0,3,0,0,1,0,0,4,0,0,0,0,0,0,0,0,1,0,0,0,2,0,0,1,0,0,0,2,0,0,0,0,0,0,0,0,0,0,0,0,0,0,0,2,0,0,2,0,0,1,4,0,0,0,0,0,0,0,0,0,0,0,0,2,0,0,1,0,0,1,0,1,0,0,0,0,1,0,0,0,0,3,3,1,0,0,0,1,16,0,0,0,0,4,0,0,0,0,0,0,1,0,1,1,2,0,0,0,2,0,1,0,1
music/2015/sep/06/imogen-heap-saviour-of-music-industry,0,0,0,1,0,0,1,0,0,0,0,0,0,1,0,0,0,0,0,0,0,0,1,1,6,1,0,0,0,0,0,0,2,0,0,0,0,0,1,0,0,0,0,2,0,0,0,0,0,0,3,3,2,0,11,1,0,0,1,1,0,4,0,4,0,0,0,0,0,0,0,0,0,3,0,0,1,0,0,0,2,0,0,0,0,0,0,0,1,1,0,2,1,0,0,0,2,0,0,0,1,0,5,0,0,0,0,0,0,0,0,0,0,10,0,0,4,1,0,0,0,0,2,0,5,0,0,0,0,0,0,0,0,0,0,0,0,0,1,2,0,0,0,1
commentisfree/2015/aug/23/beginning-of-the-end-for-web-ads,2,0,0,1,0,0,0,1,0,2,0,1,0,1,0,0,2,0,0,0,0,0,0,0,0,8,1,0,0,0,0,0,2,0,0,0,0,1,0,1,1,0,0,0,0,0,0,0,0,1,4,0,0,0,0,0,0,0,4,2,1,3,0,0,0,0,0,0,0,0,0,0,0,0,0,0,0,2,0,0,0,0,0,0,0,0,0,0,0,0,0,0,0,1,0,0,0,0,0,0,0,1,4,0,0,0,0,3,0,0,0,0,1,4,0,0,0,0,0,0,2,0,5,0,0,0,0,0,0,0,0,0,0,2,2,0,0,0,1,0,0,0,0,1
technology/2015/aug/14/internet-of-things-winners-and-losers-privacy-autonomy-capitalism,0,4,0,3,0,0,0,0,0,1,0,2,0,0,0,0,1,1,0,0,0,3,0,0,0,2,0,0,1,0,0,0,21,0,0,2,0,0,0,0,0,0,0,0,0,0,0,0,0,0,0,0,0,0,0,0,0,0,2,0,0,0,0,0,0,0,2,0,0,0,2,0,0,0,0,0,0,0,0,0,0,0,2,0,0,0,0,0,1,0,1,0,0,0,0,1,0,0,1,0,5,0,0,0,1,0,0,1,1,0,0,0,2,1,0,1,0,8,2,0,0,0,1,0,0,0,0,0,0,0,0,0,0,1,1,1,0,0,0,0,0,0,0,1
world/2015/aug/11/indias-war-on-greenpeace,0,0,1,1,0,0,1,0,0,0,0,1,0,0,0,1,0,1,2,0,0,0,0,0,0,1,0,0,0,0,0,0,0,0,0,0,0,0,1,0,0,0,1,0,2,1,0,0,0,0,0,2,0,0,0,0,0,0,1,0,0,0,0,1,0,0,0,0,0,0,0,1,0,1,1,0,0,0,0,0,0,0,0,1,0,0,0,1,0,0,0,0,0,0,0,1,0,0,3,0,0,0,0,0,0,0,0,0,0,0,0,0,0,1,1,0,0,0,0,0,0,0,0,0,0,0,0,0,0,0,0,0,0,1,0,1,1,0,1,0,0,1,1,1
us-news/live/2015/aug/06/republican-fox-news-debate-donald-trump-jeb-bush,0,3,1,0,0,0,0,0,0,0,0,0,1,0,0,2,0,5,0,1,0,0,0,0,0,0,0,0,0,1,0,0,0,0,0,0,0,0,0,0,0,4,3,2,2,0,0,0,0,0,4,1,0,0,0,0,0,0,0,1,2,0,0,0,0,0,0,0,0,0,1,0,0,0,0,0,1,0,0,0,0,0,0,5,0,1,0,0,0,0,0,2,0,0,0,1,0,0,1,0,2,1,0,0,0,0,0,0,0,0,0,0,2,0,0,1,6,2,0,0,0,0,1,0,0,0,0,0,0,0,0,4,0,3,1,1,1,0,0,0,0,0,0,1
technology/2015/aug/04/eff-stronger-dnt-standard-disconnect-adblock,1,0,0,0,1,0,0,0,0,0,0,1,1,2,1,0,0,0,0,1,0,0,0,0,0,2,0,0,0,0,0,0,3,0,0,2,0,0,1,0,0,1,0,0,0,0,0,1,0,0,3,0,0,0,0,0,0,0,2,3,0,2,0,0,0,0,0,0,1,0,1,0,0,0,0,0,0,2,0,0,0,0,2,0,0,0,0,0,0,0,0,0,0,1,0,0,0,0,0,0,0,0,9,0,1,0,0,0,0,0,0,0,1,0,0,0,0,12,0,1,0,0,3,0,0,0,0,0,0,0,0,0,0,1,0,2,0,0,1,0,0,0,0,1
lifeandstyle/2015/jul/31/biometric-data-apple-wimbledon-facebook-mindshare-affectiva-unilever-coca-cola-mars,0,0,0,0,0,0,1,5,0,0,0,0,2,0,0,0,0,0,0,0,0,1,0,0,0,0,0,1,1,0,0,0,0,0,0,3,0,0,1,0,0,0,0,2,2,1,0,3,0,0,5,0,0,0,1,0,0,0,4,9,0,3,0,0,0,0,0,0,0,0,2,1,0,0,0,0,0,0,0,0,0,0,2,0,0,0,0,0,0,0,0,0,0,0,0,0,2,0,0,0,3,0,2,0,1,0,0,3,0,0,1,0,0,2,7,1,1,3,1,0,1,0,6,0,0,0,0,0,0,0,0,0,0,3,0,0,0,0,0,0,0,0,0,1
technology/2015/jul/31/windows-10-microsoft-faces-criticism-over-privacy-default-settings,0,0,0,1,7,0,0,1,0,0,0,0,0,0,0,0,0,0,0,0,0,0,0,0,0,1,0,0,0,0,0,1,0,0,0,5,0,0,2,0,0,0,0,1,0,0,0,0,1,0,0,1,0,0,2,2,0,0,0,0,0,2,0,0,0,0,0,0,1,0,4,0,0,0,2,0,1,0,0,0,2,0,0,0,0,0,0,0,0,1,0,0,0,0,0,0,2,0,0,0,0,0,4,0,0,0,0,1,0,0,0,0,0,0,1,0,0,4,1,0,0,0,2,0,0,0,0,0,0,0,0,0,0,2,2,0,0,0,0,1,0,4,1,1
technology/2015/jul/23/16-trends-that-will-change-the-games-industry,0,1,0,1,0,0,0,0,0,0,0,0,1,0,1,0,0,0,0,0,0,0,3,0,8,1,0,0,0,0,0,0,0,0,0,3,1,0,0,0,0,0,0,0,1,0,0,0,0,0,0,0,0,0,6,2,0,0,2,0,1,0,0,0,0,0,1,0,3,0,0,0,0,3,0,0,1,0,0,0,0,0,0,0,0,0,0,0,0,1,0,0,0,0,0,0,0,0,0,1,1,5,1,0,0,0,0,3,0,0,0,0,0,6,0,0,0,0,3,0,0,1,0,0,0,0,0,0,1,0,0,0,0,1,0,1,2,0,0,0,0,0,0,1
politics/blog/live/2015/jul/20/reaction-to-camerons-speech-on-tackling-extremism-politics-live,0,0,1,0,0,0,0,0,0,0,1,0,1,0,0,0,0,1,0,0,0,1,0,0,1,1,0,0,0,0,0,0,5,1,0,0,0,0,1,0,0,2,0,0,0,1,0,0,0,0,0,0,0,0,0,0,0,0,0,0,0,0,0,0,0,0,1,0,2,0,0,0,0,0,1,0,0,0,0,0,0,2,0,0,0,0,0,0,0,0,0,0,5,0,0,0,0,0,1,2,0,1,3,0,0,0,0,0,0,0,0,0,0,1,0,2,0,1,0,0,12,0,0,0,2,0,0,0,0,0,0,11,0,0,0,2,0,0,1,1,0,0,0,1
world/2015/jul/21/ashley-madison-adultery-site-hack-will-i-be-found-out-what-you-need-to-know,1,0,0,2,0,0,1,0,0,0,4,0,5,0,0,0,0,1,0,0,0,1,0,0,0,0,0,0,1,0,0,0,0,0,0,1,0,0,1,0,0,0,0,0,0,0,0,0,0,0,0,0,0,0,2,0,0,0,0,0,0,0,0,0,0,0,0,1,5,0,0,0,0,0,0,0,0,0,0,3,0,0,0,0,0,0,1,0,0,1,0,0,0,1,1,1,0,0,4,0,0,0,11,0,0,0,0,0,0,0,0,0,1,0,0,2,1,3,0,0,0,1,0,0,0,0,0,0,0,0,1,1,0,2,0,2,0,0,0,2,0,0,0,1
media-network/2015/jun/22/anonymity-internet-battleground-data-advertisers-marketers,0,0,0,0,0,0,4,0,0,0,0,1,0,2,0,0,0,0,0,0,0,0,4,2,1,5,0,0,0,1,0,0,6,0,0,7,0,1,0,0,1,0,0,0,0,2,0,1,0,1,2,0,0,0,5,1,0,0,1,1,0,6,0,0,0,0,1,0,2,0,0,0,0,1,0,0,2,4,0,0,0,0,4,0,0,1,0,0,0,1,0,1,0,4,0,0,0,0,1,0,0,0,15,0,3,0,0,0,0,0,0,0,5,4,1,0,0,18,1,0,1,0,0,0,0,1,0,0,0,0,0,1,0,5,0,0,0,0,0,0,0,0,0,1
cities/2015/jun/25/london-developers-viability-planning-affordable-social-housing-regeneration-oliver-wainwright,0,1,0,0,0,0,0,0,3,1,1,2,0,0,1,0,0,0,0,0,0,0,1,0,0,0,0,0,0,0,0,0,0,0,0,0,0,0,1,0,0,0,0,0,1,0,0,0,0,0,0,0,0,0,1,1,0,0,2,0,0,0,0,1,0,0,0,0,1,0,0,0,0,1,0,0,0,0,1,0,0,0,0,0,0,1,0,0,1,0,2,1,0,0,1,3,0,2,0,3,0,0,0,0,0,0,0,0,0,0,0,0,1,2,0,1,0,0,0,0,3,0,0,0,0,0,0,0,0,0,0,2,0,2,4,0,0,0,0,0,0,0,0,1
technology/2015/jun/15/i-read-all-the-small-print-on-the-internet,0,0,0,2,0,0,0,0,0,0,0,0,0,0,0,1,0,0,0,0,0,0,0,1,0,0,0,0,0,0,0,0,4,0,0,6,5,0,0,0,0,0,1,0,0,0,0,0,0,0,0,0,0,0,2,2,0,0,11,0,0,1,0,0,0,0,0,0,2,0,0,1,0,0,2,0,4,0,0,0,0,0,0,0,0,0,0,0,0,0,0,2,0,1,0,0,1,0,2,0,1,1,5,1,0,0,0,1,0,0,0,0,0,8,0,0,0,2,1,1,0,0,0,0,0,0,0,0,0,0,0,2,0,11,0,0,1,0,0,0,0,2,0,1
politics/blog/live/2015/jun/11/david-anderson-terror-watchdog-publishes-report-on-surveillance-powers-politics-live,0,0,2,0,0,0,0,1,1,0,0,1,0,0,0,1,0,8,0,0,0,1,1,0,0,3,0,2,0,0,0,1,6,1,12,1,1,0,0,0,3,0,0,2,1,0,0,1,7,0,0,0,0,0,2,1,0,0,0,0,0,0,3,0,0,0,1,0,1,0,0,0,0,1,0,0,1,0,0,0,0,1,1,1,0,1,0,0,0,0,0,2,2,1,0,3,0,0,1,0,2,0,1,1,0,0,0,0,0,0,0,0,2,4,0,1,1,7,1,0,19,1,0,9,0,0,0,0,1,0,0,11,0,0,2,2,5,1,0,0,0,0,1,1
politics/blog/live/2015/may/27/queens-speech-2015-politics-live,0,0,2,0,0,0,0,0,0,2,1,0,0,0,0,2,0,10,0,0,0,0,0,1,1,2,0,0,0,0,0,0,0,0,2,0,0,0,0,0,0,0,0,0,0,0,0,0,0,0,0,0,0,0,0,1,0,0,0,0,0,0,0,0,0,0,0,0,0,0,5,0,0,0,0,0,0,0,0,0,0,1,1,6,0,0,0,1,0,0,0,1,0,3,0,0,0,0,1,2,0,0,0,0,1,0,0,0,0,0,0,0,2,2,0,1,0,0,0,0,9,1,0,1,0,0,0,0,0,0,0,10,0,0,0,0,2,0,0,1,0,0,1,1
us-news/live/2015/may/22/clock-winds-down-on-key-nsa-surveillance-law-as-senate-leader-looks-for-out-live,0,1,0,0,0,0,0,1,1,2,0,0,0,0,2,1,0,1,0,0,0,0,1,0,0,0,0,0,0,0,0,0,3,2,0,0,0,0,0,0,2,1,0,2,0,0,0,0,21,0,0,1,1,0,0,0,0,0,0,0,0,0,1,0,0,0,0,1,0,0,0,0,0,1,0,0,0,0,0,0,0,0,0,4,0,0,2,0,0,0,0,1,1,0,0,1,0,0,0,0,1,0,0,1,0,0,0,0,0,0,0,0,0,0,0,0,17,4,2,0,3,0,0,1,0,1,0,0,0,0,0,1,0,0,0,2,0,0,1,0,0,0,0,1
us-news/live/2015/may/20/rand-paul-senate-filibuster-nsa-spying-patriot-act-live,0,0,1,0,0,0,0,0,0,0,0,0,3,0,0,0,0,1,0,0,0,1,0,4,0,2,0,0,0,0,0,0,1,0,0,0,0,0,0,0,0,1,0,2,1,0,0,0,16,0,1,1,1,0,1,0,0,0,0,0,0,2,0,1,0,0,0,0,0,0,0,0,0,0,2,0,0,0,0,0,0,0,0,1,0,2,1,0,0,0,0,1,0,0,0,3,0,0,1,1,0,2,0,0,0,0,0,0,0,0,0,0,0,0,0,0,10,10,0,0,0,0,0,0,0,1,0,0,0,0,0,8,0,0,1,0,0,0,1,1,0,0,0,1
technology/2015/may/15/facebook-must-stop-tracking-users-non-users-legal-action,1,0,0,0,1,0,0,0,0,5,0,2,1,0,0,0,0,1,0,0,0,0,0,0,0,1,0,0,0,0,0,1,2,0,0,4,0,3,0,0,1,0,0,0,0,0,0,1,0,3,0,0,0,0,0,0,0,0,1,0,0,0,0,0,0,0,0,0,3,0,0,0,2,0,0,0,0,1,0,2,0,1,8,0,0,0,0,0,0,0,0,0,1,0,0,0,0,0,11,0,0,0,11,0,0,0,0,0,1,0,0,0,0,0,0,0,0,18,0,1,0,0,3,0,0,0,0,1,4,0,0,0,0,1,0,0,0,0,0,0,2,0,0,1
technology/2015/may/14/dear-google-open-letter-from-80-academics-on-right-to-be-forgotten,0,0,4,2,0,0,0,1,2,0,0,2,0,0,0,0,0,1,0,0,0,0,1,0,0,1,0,2,0,1,0,0,8,0,0,0,0,0,1,0,26,0,0,0,0,0,0,0,0,0,0,0,0,0,1,0,0,0,1,0,1,0,0,1,0,0,0,0,1,0,0,0,0,0,0,0,0,0,0,0,0,0,0,0,0,0,0,0,0,1,1,0,0,0,0,0,0,0,12,0,0,0,1,1,0,0,0,0,0,0,0,0,11,3,1,0,1,10,0,0,0,0,0,0,2,0,0,0,0,0,0,0,0,30,1,0,1,0,0,1,0,0,0,1
film/2016/nov/21/austerlitz-review-holocaust-tourism-documentary-sergei-loznitsa,0,0,0,0,0,0,0,0,0,0,0,0,0,0,0,0,0,0,0,0,0,0,0,0,0,0,0,1,0,0,0,0,0,0,0,0,0,0,0,0,0,0,0,0,0,0,0,0,0,0,0,0,0,0,0,0,0,0,0,0,0,0,0,0,0,0,0,0,3,0,0,0,0,0,0,0,0,0,0,0,0,0,0,0,0,0,0,0,0,0,0,0,0,1,0,0,0,0,0,0,0,0,0,0,0,0,0,0,0,0,0,0,0,0,0,0,1,0,0,0,0,0,0,0,0,0,0,0,0,0,1,0,0,0,0,1,0,0,0,0,0,0,0,0
us-news/2015/aug/28/appeals-court-rejects-challenge-nsa-phone-data-collection,0,0,0,0,0,0,0,0,1,0,0,0,1,0,0,0,0,0,0,0,0,0,0,0,0,0,0,0,0,0,0,0,0,0,0,0,0,0,0,0,0,0,1,0,0,0,0,0,6,0,0,0,0,0,0,0,0,0,0,0,0,0,0,0,0,0,0,0,0,0,0,4,0,0,0,0,0,0,0,0,0,0,0,2,0,1,0,0,0,0,1,2,0,0,0,1,0,0,0,0,0,0,0,0,0,0,0,0,0,0,0,0,0,0,0,0,14,2,0,0,0,1,0,0,1,0,0,0,0,0,0,0,0,0,0,0,1,0,0,0,0,0,0,0
film/2016/jun/23/swedish-theory-love-documentary-film-review-independence-self-sufficiency,0,0,0,0,0,0,0,0,0,0,0,0,0,0,0,0,0,0,0,0,0,0,0,0,0,0,0,0,0,0,0,0,0,0,0,0,0,0,0,0,0,0,0,0,0,0,0,0,0,0,0,0,0,0,0,0,0,0,0,0,0,0,0,0,0,0,0,0,0,0,0,0,0,0,0,0,0,0,0,0,0,0,0,0,0,0,0,0,0,0,0,0,0,0,0,0,1,0,0,0,0,0,0,0,0,0,0,0,0,0,0,0,0,0,0,0,0,0,0,0,0,0,0,0,0,0,0,0,0,0,0,0,0,0,0,0,0,0,0,0,0,0,0,0
cities/2016/feb/02/synthetic-human-changing-voices-automatic-transport-announcements,0,0,0,2,0,0,0,0,0,0,0,0,0,0,0,0,0,0,0,0,0,0,0,0,1,0,0,0,0,0,0,0,0,0,0,0,0,0,0,0,0,0,0,0,0,0,0,0,0,0,0,0,0,0,0,0,0,0,0,0,0,0,0,1,0,0,0,0,0,0,1,0,0,0,0,0,0,0,0,0,0,0,0,0,0,0,0,0,0,0,0,0,1,0,0,0,0,0,0,0,0,0,0,0,0,0,0,1,0,0,0,0,0,0,0,0,1,0,0,0,0,0,0,0,0,0,0,0,0,0,0,0,0,0,0,0,0,0,0,0,0,0,0,0
commentisfree/2016/feb/11/life-after-divorce-end-marriage,0,0,0,0,0,0,0,0,0,0,0,0,0,0,0,0,0,0,0,0,0,0,0,0,0,0,0,0,0,0,0,0,0,0,0,0,0,0,0,0,0,0,0,0,0,0,0,0,0,0,0,0,0,0,0,1,0,0,0,0,0,0,0,0,0,0,0,0,0,0,0,0,0,0,0,0,0,0,0,0,0,0,0,0,0,0,0,0,0,0,0,0,0,0,0,0,0,0,0,0,0,0,0,0,0,0,0,0,0,0,0,0,0,1,0,0,0,0,0,0,0,0,0,0,0,0,0,0,0,0,0,0,0,0,0,0,0,0,0,0,0,0,0,0
australia-news/2015/sep/15/a-turnip-would-have-done-a-better-job-than-tonythe-show-must-go-onnew-salesman-same-product-readers-respond-to-their-new-prime-minister,0,0,0,0,0,0,0,0,0,0,0,0,0,0,0,0,0,0,0,0,0,0,0,0,0,0,0,0,0,0,0,0,0,0,0,0,0,0,0,0,0,0,0,0,0,0,0,0,0,0,0,0,0,0,0,0,0,0,0,0,0,0,0,0,0,0,0,0,0,0,0,0,0,0,0,0,0,0,0,0,0,0,0,0,0,0,0,0,0,0,0,0,0,0,0,0,0,0,0,0,0,0,0,0,0,0,0,0,0,0,0,0,0,0,0,0,0,0,0,0,0,0,1,0,0,0,0,0,0,0,0,0,0,0,0,0,0,0,0,0,0,0,0,0
football/2016/mar/11/reading-crystal-palace-fa-cup-match-report,0,0,0,0,0,0,0,0,0,0,0,0,0,0,0,0,0,0,0,0,0,0,0,0,0,0,0,0,0,0,0,0,0,0,0,0,0,0,0,0,0,0,0,1,0,0,0,0,0,0,0,0,0,0,0,0,0,0,0,0,0,0,0,0,0,0,0,0,0,0,0,0,0,0,0,0,0,0,0,0,0,0,0,0,0,0,0,0,0,0,0,0,0,0,0,0,0,0,0,0,0,0,0,0,0,0,0,0,0,0,0,0,0,0,0,1,0,0,0,0,0,1,0,0,0,0,0,0,0,0,0,0,0,0,0,0,0,0,0,0,3,0,0,0
world/2015/may/14/for-qatars-foreign-workers-global-scrutiny-working-to-a-point,0,0,0,0,0,0,1,0,0,0,0,0,1,0,1,0,0,0,0,0,0,0,0,0,0,0,0,0,0,0,0,0,0,0,0,0,0,0,0,0,0,0,0,0,0,1,0,0,0,0,0,0,0,0,0,0,0,0,0,0,0,0,0,0,0,0,0,0,0,0,0,0,0,0,0,0,0,0,0,0,0,0,0,1,0,0,0,0,1,0,0,0,0,0,0,0,0,0,0,0,0,0,0,0,0,0,0,0,0,0,0,0,0,0,1,0,0,0,0,0,0,0,0,0,0,0,0,0,0,0,0,2,0,0,0,0,0,0,0,0,0,0,1,0
artanddesign/2015/sep/11/women-taking-on-isis-iraq-yazidi-female-fighters,0,1,0,0,0,0,0,0,0,0,0,0,0,0,0,0,0,0,0,0,0,0,0,0,0,0,0,1,0,0,0,0,0,0,0,0,0,0,0,0,0,0,0,0,0,0,0,0,0,0,0,0,0,0,0,0,0,0,0,0,0,0,0,0,0,0,0,0,0,0,0,0,0,0,0,0,0,0,0,0,0,0,0,0,0,0,0,0,0,0,0,0,0,0,0,0,0,0,4,0,0,0,0,0,0,0,0,0,0,0,2,0,0,0,0,0,0,0,0,0,0,0,0,0,0,0,0,0,0,0,0,0,0,0,0,1,0,0,0,0,0,0,0,0
film/2016/mar/01/gods-of-egypt-director-alex-proyas-calls-film-critics-diseased-vultures,0,0,0,0,0,0,0,0,0,0,0,0,0,0,0,0,0,0,0,0,0,0,0,0,0,0,0,0,0,0,0,0,0,0,0,0,0,0,0,0,0,0,0,0,0,0,0,0,0,0,0,0,0,0,0,0,0,0,0,0,0,0,0,0,0,0,0,0,0,0,0,0,0,0,0,0,0,0,0,0,0,0,0,0,0,0,0,0,0,0,0,0,0,0,0,0,1,0,0,0,0,0,0,0,0,0,0,0,0,0,0,0,0,0,0,0,0,0,0,0,0,0,0,0,0,0,0,0,0,0,0,0,0,0,0,0,0,0,0,0,0,0,0,0
lifeandstyle/2017/mar/12/the-evening-graham-greene-introduced-himself-at-a-smart-london-party,0,0,0,0,0,0,0,0,0,0,0,0,4,0,0,0,0,0,0,0,0,0,0,0,0,0,0,0,0,0,0,0,0,0,0,0,0,0,0,0,0,0,0,0,0,0,0,0,0,0,0,0,0,0,0,0,0,0,0,0,0,0,0,0,0,0,0,0,0,0,0,0,0,0,0,0,0,0,0,0,0,0,0,0,0,0,0,0,0,0,0,0,0,0,0,0,0,0,0,0,0,0,0,0,0,0,0,0,0,0,0,0,0,0,0,0,0,0,0,0,0,0,0,0,0,0,0,0,0,0,0,0,0,0,0,0,0,0,0,0,0,0,0,0
uk-news/2015/jul/09/transgender-people-serve-close-combat-roles-british-army,0,0,0,0,0,0,0,0,0,0,0,0,0,0,0,0,0,0,0,0,0,0,0,0,0,0,0,0,0,0,0,0,0,0,0,0,0,0,0,0,0,0,0,0,0,0,0,0,0,0,0,0,0,0,0,0,0,0,0,0,0,0,0,0,0,0,0,0,0,0,0,0,0,0,0,0,0,0,0,0,0,0,0,0,0,0,0,0,0,0,0,0,0,0,0,0,0,0,0,0,0,0,0,0,0,0,0,0,0,0,0,0,0,0,0,0,0,0,0,0,0,0,0,0,0,0,0,0,0,0,0,0,0,0,0,0,0,0,0,0,0,0,0,0
education/2015/jun/30/isaac-newton-free-school-partners-education,0,0,1,0,0,0,0,0,0,0,0,0,1,0,0,0,0,0,0,0,0,0,0,0,0,0,0,0,0,0,0,0,0,0,0,0,0,0,0,0,0,0,0,0,0,0,0,0,0,0,0,0,0,0,0,0,0,0,0,0,0,0,0,0,0,0,0,0,0,0,0,0,0,0,0,0,0,0,0,0,0,0,0,0,0,0,0,0,0,0,0,0,0,0,0,0,0,0,0,0,0,0,0,0,0,0,0,0,0,0,0,0,0,0,0,0,0,0,0,0,0,0,0,0,0,0,0,0,0,0,0,0,0,0,0,0,0,0,0,0,0,0,0,0
media/2016/jul/04/media-briefing-monday-4-july,0,0,0,0,0,0,0,0,0,0,0,0,1,0,0,0,0,0,0,0,0,0,0,0,0,0,0,0,0,0,0,0,0,0,0,0,0,0,0,0,0,0,0,0,0,0,0,0,0,0,0,0,0,0,0,0,0,0,0,0,0,1,0,0,0,0,0,0,0,0,0,0,0,0,0,0,0,0,0,0,0,0,0,0,0,0,0,0,0,0,0,0,0,0,0,0,0,0,0,0,0,0,0,0,0,0,0,0,0,0,0,0,0,0,0,0,0,0,0,0,0,0,0,0,0,0,0,0,0,0,0,0,0,0,0,0,0,0,0,0,0,0,0,0
fashion/2015/aug/18/cork-next-seasons-print-stylewatch,0,0,0,0,0,0,0,0,0,0,0,0,0,0,0,0,0,0,0,0,0,0,0,0,0,0,0,0,0,0,0,0,0,0,0,0,0,0,0,0,0,0,0,0,0,0,0,0,2,0,0,0,0,0,0,0,0,0,0,0,0,0,0,0,0,0,0,0,0,0,0,0,0,0,0,0,0,0,0,0,0,0,0,0,0,0,0,0,0,0,0,0,0,0,0,0,0,0,0,0,0,0,0,0,0,0,0,0,0,0,0,0,0,0,0,0,0,0,0,0,0,0,0,0,0,0,0,0,0,0,0,0,0,1,0,0,0,0,0,0,0,0,0,0
public-leaders-network/2017/jan/16/online-justice-courts-explore-digital-possibilities,0,0,0,2,0,0,1,0,0,0,0,0,0,0,6,0,0,0,0,0,0,0,0,1,0,1,0,0,0,0,0,0,3,0,0,0,0,0,0,0,0,0,0,0,0,0,0,0,0,0,0,0,1,0,2,0,0,0,1,0,0,0,0,0,0,1,1,0,1,0,0,0,0,0,0,0,0,0,0,0,0,0,0,0,0,0,0,0,0,1,1,0,0,0,0,0,0,0,0,0,0,0,3,0,0,0,0,0,0,0,0,0,0,0,0,1,1,0,1,0,1,0,0,0,5,0,0,0,0,0,0,0,0,0,0,0,0,0,0,0,0,0,0,0
fashion/2015/nov/03/benetton-50-italian-label-colourful-high-street,0,0,0,0,0,0,0,0,0,0,0,0,0,0,0,0,0,0,0,0,0,0,0,0,0,0,0,0,0,0,0,1,0,0,0,0,0,0,0,0,0,0,0,0,5,0,0,0,3,0,2,0,0,0,0,3,0,0,0,0,0,6,0,0,0,0,0,0,0,0,0,0,0,0,0,0,0,0,0,0,3,0,0,0,0,0,0,0,0,0,0,0,0,0,0,0,0,0,0,0,0,0,0,0,0,0,0,0,0,0,0,0,0,0,0,0,0,0,0,0,0,0,2,0,0,0,0,0,0,0,0,0,0,0,0,0,0,0,0,0,0,0,0,0
australia-news/2017/mar/28/federal-court-rules-ndis-must-fully-fund-necessary-supports-and-services,0,0,0,0,0,0,0,0,0,0,0,0,0,0,0,0,0,0,0,0,0,0,0,0,0,0,0,0,0,0,0,0,0,0,0,0,0,0,0,0,0,0,0,0,0,0,0,0,0,0,0,0,1,0,0,0,0,0,0,0,0,0,0,0,0,0,0,0,1,0,0,0,0,0,0,0,0,0,0,0,0,0,0,0,0,0,0,0,0,0,0,0,0,0,0,0,0,0,0,0,0,0,0,0,0,0,0,0,0,0,0,0,0,0,0,0,0,0,0,0,0,0,0,0,0,0,0,0,0,0,0,0,0,0,0,0,0,0,0,0,0,0,0,0
tv-and-radio/2016/jul/23/saturdays-best-tv-the-marvellous-world-of-roald-dahl-mrs-browns-boys-live,0,0,0,0,0,0,0,0,0,0,0,1,1,0,0,0,0,0,0,0,0,0,0,0,0,1,0,0,0,0,0,0,0,0,0,0,0,0,0,0,0,0,0,0,0,0,0,0,0,0,1,0,0,0,0,0,0,0,0,0,0,0,0,0,0,0,0,0,0,0,0,0,0,0,0,0,0,0,0,0,0,0,0,0,0,0,0,0,0,0,0,0,0,0,0,0,0,0,0,0,0,0,0,0,0,0,0,1,0,0,0,0,0,0,0,0,0,0,0,0,0,0,0,0,0,0,0,0,0,0,0,0,0,0,0,0,0,0,0,0,0,0,0,0
media-network/2016/apr/27/creative-ambitious-marketing-webchat,0,0,0,0,0,0,0,0,0,0,0,0,2,0,0,0,0,0,0,0,0,0,0,0,0,0,0,0,0,0,0,0,0,0,0,1,0,0,0,0,0,0,0,0,0,0,0,0,0,0,0,0,0,0,1,0,0,0,0,0,0,1,0,0,0,0,0,0,0,0,0,0,0,0,0,0,0,0,0,0,0,0,0,0,0,0,0,0,0,0,0,0,0,0,0,0,0,0,0,0,0,0,0,0,0,0,0,0,0,0,0,0,0,0,0,0,0,0,0,0,0,0,0,0,0,0,0,0,0,0,0,0,0,0,0,0,0,0,0,0,0,0,0,0
politics/2016/apr/20/puzzled-by-hospitality-rules-for-strip-club-mps,0,0,0,0,0,0,0,0,0,0,0,0,0,0,0,0,0,0,0,0,0,0,0,0,0,0,0,1,0,0,0,0,0,0,0,0,0,0,0,0,0,0,0,0,0,0,0,0,0,0,0,0,0,0,0,0,0,0,0,0,0,0,0,0,0,0,0,0,0,0,0,0,0,0,0,0,0,0,0,0,0,0,0,0,0,0,0,0,0,0,0,0,0,0,0,0,0,0,0,0,0,0,0,0,0,0,0,0,0,0,1,0,0,0,0,0,0,0,0,0,0,0,0,0,0,0,0,0,0,0,0,0,0,0,0,0,0,0,0,0,0,0,0,0
environment/2015/may/31/eco-impact-of-filming-in-extreme-environments,0,0,0,0,0,0,0,0,0,0,0,0,0,0,0,0,0,0,0,0,0,0,0,0,0,0,0,0,0,0,0,0,0,0,0,0,0,0,0,0,0,0,0,0,0,0,0,0,0,0,0,0,0,0,0,0,0,0,0,0,0,0,0,0,0,0,0,0,0,0,0,0,0,0,0,0,0,0,0,0,0,0,0,0,0,0,0,0,0,0,0,0,0,0,0,0,0,0,0,0,0,0,0,0,0,0,0,0,0,0,0,0,0,0,1,0,0,0,0,0,0,0,0,0,0,0,0,0,0,0,0,0,0,0,0,0,0,0,0,0,0,0,0,0
environment/2016/dec/08/venomous-fire-ants-a-real-and-present-danger-to-australian-lives-warns-report,0,0,0,0,0,0,0,0,0,0,0,0,0,0,0,0,0,0,0,0,0,0,1,0,0,0,0,0,0,0,0,0,0,0,0,0,0,0,0,0,0,0,0,0,0,0,0,0,0,0,0,0,0,0,0,0,0,0,0,0,0,0,0,0,0,0,0,0,0,0,0,0,0,0,0,0,0,0,0,0,0,0,0,0,0,0,0,0,0,0,0,0,0,0,0,0,0,1,0,0,0,0,0,0,0,0,0,0,0,0,0,0,1,0,0,0,0,0,0,0,0,0,0,0,0,0,0,0,0,0,0,0,0,0,0,0,0,0,0,0,0,0,0,0
business/commentisfree/2016/may/01/the-guardian-view-on-the-state-and-the-market-the-end-of-hands-off-economics,0,0,0,0,0,0,0,0,0,0,0,0,0,0,0,1,0,1,0,0,0,0,0,0,0,0,0,0,0,0,0,0,0,0,0,0,0,0,0,0,0,0,0,0,0,0,0,0,0,0,0,0,0,0,0,0,0,0,0,0,0,0,0,0,0,0,0,0,0,0,0,0,0,0,0,0,0,0,0,0,0,0,0,0,0,0,0,0,1,0,0,0,0,0,0,0,0,0,1,0,0,0,0,0,0,0,0,0,0,0,0,0,0,1,0,0,0,0,0,0,0,0,0,0,0,0,0,0,0,0,0,0,0,0,0,0,0,0,0,0,0,0,0,0
world/2016/feb/06/ban-ki-moon-woman-un-secretary-general,0,0,0,0,0,0,0,0,0,0,0,0,0,0,0,0,0,0,0,0,0,0,0,0,0,0,0,0,0,0,0,0,0,0,0,0,0,0,0,0,0,0,0,0,0,0,0,0,0,0,0,0,0,0,0,0,0,0,0,0,0,0,0,0,0,0,0,0,0,0,0,0,0,0,0,0,0,0,0,0,0,0,0,0,0,0,0,0,0,0,0,0,0,0,0,0,0,0,0,0,0,0,0,0,0,0,0,0,0,0,0,0,0,0,0,0,0,0,0,0,0,0,0,0,0,0,0,0,0,0,1,0,0,0,0,0,0,0,0,0,0,0,0,0
music/2016/aug/18/ryley-walker-golden-sings-that-have-been-sung-review,0,0,0,0,0,0,0,0,0,0,0,0,0,0,0,0,0,0,0,0,0,0,0,0,0,0,0,0,0,0,0,0,0,0,0,0,0,0,0,0,0,0,0,0,0,0,0,0,0,0,0,0,0,0,0,0,0,0,0,0,0,0,0,0,0,0,0,0,0,0,0,0,0,0,0,0,0,0,0,0,0,0,0,0,0,0,0,0,0,0,0,0,0,0,0,0,0,0,0,0,0,0,0,0,0,0,0,0,0,0,0,0,0,0,0,0,0,0,0,0,0,0,0,0,0,0,0,0,0,0,0,0,0,0,0,0,0,0,0,0,0,0,0,0
politics/live/2017/mar/08/budget-2017-philip-hammond-chancellor-spending-tax-brexit-schools-nhs-growth-borrowing-live,1,0,0,1,0,0,0,2,0,0,2,0,3,0,0,0,0,0,0,0,0,2,0,0,0,0,0,0,0,0,0,0,0,0,0,1,1,0,0,0,0,0,0,0,1,0,0,0,0,0,0,0,0,0,1,0,0,0,0,0,1,0,0,0,0,0,1,0,0,0,0,0,0,0,1,0,0,0,3,0,0,1,0,0,0,0,0,1,0,0,1,0,0,0,0,0,0,1,0,2,2,0,0,0,0,0,0,1,0,0,0,0,0,2,0,1,0,0,0,0,3,9,0,0,0,0,0,0,0,0,0,28,0,0,3,0,1,0,0,0,0,0,0,0
cities/2016/feb/14/sarajevo-bosnian-war-love-story-woman-photograph-croat-serb-bosniak,0,0,0,1,0,0,0,0,0,0,0,0,0,0,0,0,0,0,1,0,0,0,0,0,0,0,0,0,0,0,0,0,0,0,0,0,0,0,0,0,0,0,0,0,0,0,0,0,0,0,0,0,0,0,0,0,0,0,0,0,0,0,0,0,0,0,0,0,0,0,0,0,0,0,0,0,0,0,0,0,0,0,0,0,0,0,0,0,0,0,0,0,0,0,0,1,0,0,0,0,0,0,0,0,0,0,0,0,0,0,0,0,0,0,1,0,0,0,0,0,0,0,0,0,0,0,0,0,0,0,0,0,0,0,0,0,0,0,0,0,0,0,0,0
uk-news/2016/aug/10/new-duke-of-westminster-hugh-grosvenor-inherit-fortune,0,0,1,0,0,0,0,0,0,0,0,0,2,0,0,0,0,0,0,0,0,0,0,0,0,0,0,0,0,0,0,0,0,0,0,0,0,0,0,0,0,0,0,0,0,0,0,0,2,0,0,0,0,0,0,2,0,0,0,0,0,0,0,0,0,0,0,0,0,0,0,0,0,0,0,0,0,0,0,0,0,0,0,0,0,0,0,0,0,0,0,0,0,0,0,0,0,0,0,0,0,0,0,0,0,0,0,0,0,0,0,0,0,0,0,0,0,1,0,0,0,0,0,0,0,0,0,0,0,0,0,0,0,0,0,0,0,0,0,0,0,0,0,0
money/2015/oct/15/how-do-i-become-a-dialect-coach,0,0,0,0,0,0,0,0,0,0,0,0,0,0,0,0,0,0,0,0,0,0,0,0,0,0,0,0,0,0,0,1,0,0,0,0,0,0,0,0,0,0,0,0,0,0,0,0,0,0,0,0,0,0,0,0,0,0,0,0,0,0,0,0,0,0,0,0,0,0,0,0,0,0,0,0,0,0,0,0,0,0,0,0,0,0,0,0,0,0,0,0,0,0,0,1,0,0,0,0,0,0,0,0,0,0,0,0,0,0,0,0,0,0,0,0,0,0,0,0,0,0,0,0,0,0,0,0,0,0,0,0,0,0,0,1,0,0,0,0,0,0,0,0
sport/blog/2016/apr/17/lewis-hamilton-nico-rosberg-formula-one,0,0,0,0,0,0,0,0,0,0,0,0,0,0,0,0,0,0,0,0,0,0,0,0,0,0,0,0,0,0,0,0,0,0,0,0,0,0,0,0,0,0,0,0,0,0,0,0,0,0,0,0,0,0,0,0,0,0,0,0,0,0,0,0,0,0,0,0,0,0,0,0,0,0,0,0,0,0,0,0,0,0,0,0,0,0,0,0,0,0,0,0,0,0,0,0,0,0,0,0,0,0,0,0,0,0,0,0,0,0,0,0,0,0,0,0,0,0,0,0,0,0,0,0,0,0,0,0,0,0,0,0,0,0,0,0,0,0,0,0,0,0,0,0
film/2015/jul/16/zoe-kravitz-blocked-from-batman-role-for-being-urban-dark-knight-rises,0,0,0,0,0,0,0,0,0,0,0,0,0,0,0,0,0,0,0,0,0,0,0,0,0,0,0,0,0,0,0,0,0,0,0,0,0,0,0,0,0,0,0,0,0,0,0,0,0,0,0,0,0,0,0,0,0,0,0,0,0,0,0,0,0,0,0,0,0,0,0,0,0,0,0,0,0,0,0,0,0,0,0,0,0,0,0,0,0,0,0,0,0,0,0,0,0,0,0,0,0,0,0,0,0,0,0,0,0,0,0,0,0,0,0,0,0,0,0,0,0,0,0,0,0,0,0,0,0,0,0,0,0,0,0,0,0,0,0,0,0,0,0,0
business/2016/aug/30/epipen-mylan-price-increase-senators-letter-warren-sanders,0,0,0,0,0,0,0,0,1,0,0,0,0,0,0,0,0,0,0,0,0,0,0,1,0,0,0,0,0,0,0,0,0,0,0,0,0,0,1,0,0,0,0,0,0,0,0,0,0,0,0,0,0,0,0,0,0,0,0,0,0,0,0,0,0,0,0,0,1,0,0,0,0,0,0,0,0,0,0,0,0,0,0,0,0,0,0,0,0,0,0,0,0,0,0,0,0,0,0,0,0,0,0,0,0,0,0,0,0,0,0,0,0,0,0,0,0,0,0,0,0,0,0,0,1,0,0,0,0,0,0,0,0,0,0,0,0,0,0,0,0,0,0,0
media/media-blog/2015/sep/15/englands-rugby-player-take-giant-strides-in-o2-advert,0,0,0,0,0,0,0,0,0,0,0,0,0,0,0,0,0,0,0,0,0,0,0,0,0,0,0,0,0,0,0,0,0,0,0,0,0,0,0,0,0,0,0,0,0,0,0,0,0,0,1,0,0,0,0,0,0,0,0,0,0,1,0,0,0,0,0,0,0,0,1,0,0,0,0,0,0,0,0,0,0,0,0,0,0,0,0,0,0,0,0,0,0,0,0,0,0,0,0,0,0,0,0,0,0,0,0,0,0,0,0,0,0,0,0,0,0,0,0,0,0,0,0,0,0,0,0,0,0,0,0,0,0,0,0,0,0,0,0,0,0,0,0,0
politics/2015/may/22/lib-dem-alistair-carmichael-admits-responsibility-anti-sturgeon-leak-mp-snp-leader-david-cameron,0,0,0,0,0,0,0,0,0,0,0,0,0,0,0,0,0,0,0,0,0,0,0,0,0,0,0,0,0,0,0,0,0,0,0,0,0,0,0,0,0,0,0,0,0,0,0,0,0,0,0,0,0,0,0,0,0,0,0,0,0,0,0,0,0,0,0,0,0,0,0,0,0,0,0,0,0,0,0,0,0,0,0,0,0,0,0,0,0,0,0,0,0,0,0,0,0,0,0,0,0,0,0,0,0,0,0,1,0,0,0,0,0,0,0,1,0,0,0,0,0,0,0,0,0,0,0,0,0,0,0,0,0,0,0,0,0,0,0,0,0,0,0,0
technology/2016/jan/25/donald-rumsfeld-releases-solitaire-app,0,0,0,0,0,0,0,0,0,0,0,0,0,0,0,0,0,0,0,0,0,0,0,0,0,0,0,0,0,0,0,0,0,0,0,0,0,0,0,0,0,0,0,0,0,0,0,0,0,0,0,0,0,0,0,0,0,0,0,0,0,0,0,0,0,0,0,0,0,0,0,0,0,0,0,0,0,0,0,0,0,0,0,0,0,0,0,0,0,0,0,0,0,0,0,0,0,0,0,0,0,0,0,0,0,0,0,0,0,0,0,0,0,0,0,0,0,0,0,0,0,0,0,0,0,0,0,0,0,0,0,0,0,0,0,0,0,0,0,0,0,0,0,0
music/2016/may/15/will-i-am-review-royal-albert-hall,0,0,0,0,0,0,0,0,0,0,0,0,0,0,0,0,0,0,0,0,0,0,0,0,0,0,0,0,0,0,0,0,0,0,0,1,0,0,0,0,0,0,0,0,0,0,0,0,0,0,0,0,0,0,1,0,0,0,0,0,1,0,0,0,0,0,0,0,0,0,0,0,0,0,0,0,0,0,0,0,1,0,0,0,0,0,0,0,0,0,0,0,0,0,0,0,0,0,0,0,0,0,0,0,0,0,0,0,0,0,0,0,0,0,0,1,1,0,0,0,0,0,0,0,0,0,0,0,0,0,0,0,0,0,0,0,0,0,0,0,0,0,0,0
crosswords/quick/14487,0,0,0,0,0,0,0,0,0,0,0,0,0,0,0,0,0,0,0,0,0,0,0,0,0,0,0,0,0,0,0,0,0,0,0,0,0,0,0,0,0,0,0,0,0,0,0,0,0,0,0,0,0,0,0,0,0,0,0,0,0,0,0,0,0,0,0,0,0,0,0,0,0,0,0,0,0,0,0,0,0,0,0,0,0,0,0,0,0,0,0,0,0,0,0,0,0,0,0,0,0,0,0,0,0,0,0,0,0,0,0,0,0,0,0,0,0,0,0,0,0,0,0,0,0,0,0,0,0,0,0,0,0,0,0,0,0,0,0,0,0,0,0,0
environment/2015/aug/11/abbott-governments-2030-emissions-target-dubbed-pathetically-inadequate,0,0,0,0,0,0,0,0,0,0,0,0,0,0,0,0,0,0,0,0,0,0,0,0,0,0,0,0,0,0,0,0,0,0,0,0,0,0,0,0,0,0,0,0,0,0,0,0,0,0,0,0,0,0,0,0,0,0,0,0,0,0,0,0,0,0,0,0,0,0,0,0,0,0,0,0,0,0,0,0,0,0,0,0,0,0,0,0,0,0,0,1,0,0,0,0,0,0,0,0,0,0,0,0,0,0,0,0,0,0,0,0,0,0,0,0,0,0,0,0,0,0,0,0,0,0,0,0,0,0,0,0,0,0,0,0,0,0,0,0,0,0,0,0
business/2017/mar/12/labour-must-learn-to-win-if-it-wants-to-shape-the-uks-economic-future,0,0,0,0,0,0,0,0,0,0,0,0,0,0,0,0,0,0,0,0,0,0,0,0,0,0,0,0,0,0,0,0,0,0,0,0,0,0,0,0,0,0,0,0,0,0,0,0,0,0,0,0,0,0,0,0,0,0,0,0,0,0,0,0,0,0,0,0,0,0,0,0,0,0,0,0,0,0,0,0,0,0,0,0,0,0,0,0,0,0,1,0,0,0,0,0,0,0,0,1,0,0,0,0,0,0,0,0,0,0,0,0,0,0,0,0,0,0,0,0,0,0,0,0,0,0,0,0,0,0,0,0,0,0,0,0,0,0,0,0,0,0,0,0
football/2016/aug/21/peter-crouch-stoke-city-manchester-city-mike-dean-referees-penalties,0,0,0,0,0,0,0,0,0,0,0,0,1,0,0,0,0,0,0,0,0,0,0,0,0,0,0,0,0,0,0,0,0,0,0,0,0,0,0,0,0,0,0,0,0,0,0,0,0,0,0,0,0,0,0,0,0,0,0,0,0,0,0,0,0,0,0,0,0,0,0,0,0,0,0,0,0,0,0,0,0,0,0,1,0,0,0,0,0,0,0,0,0,0,0,0,0,0,0,0,0,0,0,0,0,0,0,0,0,0,0,0,0,0,0,0,0,0,0,0,0,0,0,0,0,0,0,0,0,0,0,0,0,0,0,0,0,0,0,0,0,0,0,0
business/2017/mar/01/jaguar-land-range-rover-velar-solihull-west-midlands,0,0,0,0,0,0,0,0,0,0,0,0,0,0,0,0,0,0,0,0,0,0,0,0,0,0,0,0,0,0,0,0,0,0,0,0,0,0,0,0,0,0,0,0,0,0,0,0,0,0,0,0,0,0,0,0,0,0,0,0,0,0,0,0,0,0,1,0,0,0,0,0,0,0,0,0,0,0,0,0,0,0,0,0,0,0,0,0,1,0,0,0,0,0,0,0,0,0,0,0,0,0,0,0,0,0,0,0,0,0,0,0,0,0,0,0,0,0,0,0,0,0,0,0,0,0,0,0,0,0,0,0,0,0,0,0,0,0,0,0,0,0,0,0
stage/2016/mar/05/floodlights-footlights-sports-theatre,0,0,0,0,0,0,0,0,0,0,0,0,0,0,0,0,0,1,0,0,0,0,0,0,0,0,0,0,0,0,0,0,1,0,0,0,0,0,0,0,0,0,0,0,0,0,0,0,0,0,0,0,0,0,0,0,0,0,0,0,0,0,0,0,0,0,0,0,0,0,0,0,0,0,0,0,0,0,0,0,0,0,0,0,0,0,0,0,1,0,0,0,0,0,0,0,0,0,0,0,0,0,0,0,0,0,0,0,0,0,0,0,0,0,0,0,0,0,0,0,0,0,0,0,0,0,0,0,0,0,0,0,0,0,0,0,0,0,0,0,0,0,0,0
business/marketforceslive/2015/sep/22/mitchells-butlers-falls-as-chief-executive-goes-and-profits-disappoint,0,0,0,0,0,0,0,0,0,0,0,0,0,0,0,0,0,0,0,0,0,0,0,0,0,0,0,0,0,0,0,0,0,0,0,0,0,0,0,0,0,0,0,0,0,0,0,0,0,0,0,0,0,0,0,0,0,0,0,0,0,0,0,0,0,0,0,0,0,0,0,0,0,0,0,0,0,0,0,0,0,0,0,0,0,0,0,0,0,0,0,0,0,0,0,0,0,0,0,0,0,0,0,0,0,0,0,0,0,0,0,0,0,0,0,0,0,0,0,0,0,0,0,0,0,0,0,0,0,0,0,0,0,0,0,0,0,0,0,0,0,0,0,0
lifeandstyle/2016/feb/06/toastie-recipes-eve-osullivan-readers-recipe-swap,0,2,0,0,0,0,0,0,0,0,0,0,0,0,0,0,0,0,0,0,0,0,0,0,0,0,0,0,0,0,0,0,0,0,0,1,0,0,0,0,0,0,0,0,0,0,0,0,0,0,0,0,0,0,0,0,0,0,0,0,0,0,0,0,0,0,0,0,0,0,0,0,0,0,0,0,0,0,0,0,0,0,0,0,0,0,0,0,0,0,0,0,0,0,0,0,0,0,0,0,0,0,0,0,0,0,0,0,0,0,0,0,0,0,0,0,0,0,0,0,0,0,0,0,0,0,0,0,0,0,0,0,0,0,0,0,0,0,0,0,0,0,0,0
commentisfree/2016/feb/07/europhobe-tories-ruin-david-cameron-dream,0,0,0,0,0,0,0,0,0,0,1,0,0,0,0,0,0,0,0,0,0,0,0,0,0,0,0,0,0,0,0,0,0,0,0,0,0,0,0,0,0,0,0,0,0,0,0,0,0,0,0,0,0,0,0,3,0,0,0,0,0,0,0,0,0,0,0,0,0,0,0,0,0,0,0,0,0,0,0,0,0,2,0,0,0,0,0,0,0,0,0,0,1,0,0,0,0,0,0,0,0,0,0,0,0,0,0,0,0,0,0,0,0,0,0,0,0,0,0,0,0,0,0,0,0,0,0,0,0,0,0,0,0,0,0,0,0,0,0,0,0,0,0,0
music/2016/jun/19/peter-moores-operatic-philanthropy,0,0,0,0,0,0,0,0,0,0,0,0,0,0,0,0,0,0,0,0,0,0,0,0,0,0,0,0,0,0,0,0,0,0,0,0,0,0,0,0,0,0,0,0,0,0,0,0,0,0,0,0,0,0,0,0,0,0,0,0,0,0,0,0,0,0,0,0,0,0,0,0,0,0,0,0,0,0,0,0,0,0,0,0,0,0,0,0,0,0,0,0,0,0,0,0,0,0,0,0,0,0,0,0,0,0,0,0,0,0,0,0,0,0,0,0,0,0,0,0,0,0,0,0,0,0,0,0,0,0,0,0,0,0,0,0,0,0,0,0,0,0,0,0
business/2015/dec/04/us-economy-december-jobs-report-unemployment-rate,0,0,0,0,0,0,0,0,0,0,0,0,0,0,0,0,0,0,0,0,0,0,0,0,0,0,0,0,0,0,0,0,0,0,0,0,0,0,0,0,0,0,0,0,0,0,0,0,0,0,0,0,0,0,0,0,0,0,0,0,0,0,0,0,0,0,0,0,0,0,0,0,0,0,0,0,0,0,0,0,0,0,0,0,0,0,0,0,0,0,0,0,0,0,0,0,0,0,0,0,0,0,0,0,0,0,0,0,0,0,0,0,0,0,0,0,0,0,0,0,0,0,0,0,0,0,0,0,0,0,0,0,0,0,0,0,0,0,0,0,0,0,0,0
football/2016/nov/17/sunderland-lynden-gooch-david-moyes,0,0,0,0,0,0,0,0,0,0,0,0,0,0,0,0,0,0,0,0,0,0,0,0,0,0,0,0,0,0,0,0,0,0,0,0,0,0,0,0,0,0,0,0,0,0,0,0,0,0,0,0,0,0,0,0,0,0,0,0,0,0,0,0,0,0,0,0,0,0,0,0,0,0,0,0,0,0,0,0,0,0,0,0,0,0,0,0,0,0,0,0,0,0,0,0,0,0,0,0,0,0,0,0,0,0,0,0,0,0,0,0,0,0,0,0,0,0,0,0,2,1,0,0,0,0,0,0,0,0,0,0,0,0,0,0,0,0,0,0,1,0,0,0
us-news/2015/jun/13/hillary-clinton-unpaid-summer-intern-campaign,0,0,0,0,0,0,0,0,0,0,0,0,1,0,0,1,0,0,0,0,0,0,0,0,0,0,0,0,0,0,0,0,0,0,0,0,0,0,0,0,0,1,0,0,2,0,0,0,0,0,0,0,0,0,0,1,0,0,0,0,0,0,0,0,0,0,0,0,0,0,0,0,0,1,0,0,0,0,0,0,0,0,0,0,0,0,0,0,0,0,0,0,0,0,0,0,0,0,0,0,0,0,0,0,0,0,0,0,0,0,0,0,0,0,0,0,0,0,0,0,0,0,0,0,0,0,0,0,0,0,0,0,0,0,0,0,0,0,0,0,0,0,0,0
childrens-books-site/2016/jun/06/the-death-cure-james-dashner-review,0,0,0,0,0,0,0,0,0,0,0,0,0,0,0,0,0,0,0,0,0,0,0,0,0,0,0,0,0,0,0,1,0,0,0,0,0,0,0,0,0,0,0,0,0,0,0,0,0,0,0,0,0,0,0,0,0,0,0,0,0,0,0,0,0,4,0,0,0,0,0,0,0,0,0,0,0,0,0,0,0,0,0,0,0,0,0,0,0,0,0,0,0,0,0,0,0,0,0,0,0,0,0,0,0,0,0,0,0,0,0,0,0,0,0,0,0,0,0,0,0,0,0,0,0,0,0,0,0,0,0,0,0,0,0,0,0,0,0,0,0,0,0,0
world/2017/mar/19/dutch-election-rutte-wilders-good-populism-bad-,0,0,0,0,0,0,0,0,0,0,0,0,0,0,0,0,0,0,0,0,0,0,0,0,0,0,0,0,0,0,0,0,0,0,0,0,0,0,0,0,0,0,0,0,1,0,0,0,0,0,0,0,0,0,0,0,0,0,0,0,0,0,0,0,0,0,0,0,0,0,0,0,0,0,0,0,0,0,0,0,0,0,0,0,0,0,0,0,0,0,0,0,0,0,0,0,0,0,0,0,0,0,0,0,0,0,0,0,0,0,0,0,0,0,0,0,0,0,0,0,0,0,0,0,0,0,0,0,0,0,0,0,0,0,0,0,0,0,0,0,0,0,0,0
books/2015/jul/22/enid-blyton-author-home-on-sale,0,0,0,0,0,0,0,0,0,0,0,0,0,0,0,0,0,0,0,0,0,0,0,0,0,0,0,0,0,0,0,0,0,0,0,0,0,0,0,0,0,0,0,0,0,0,0,0,1,0,0,0,0,0,0,0,0,0,0,0,0,0,0,0,0,0,0,0,0,0,0,0,0,0,0,0,0,0,0,0,0,0,0,0,0,0,0,0,0,0,0,0,0,0,0,0,0,0,0,0,0,0,0,0,0,0,0,0,0,0,0,0,0,0,0,0,0,0,0,0,0,0,0,0,0,0,0,0,0,0,0,0,0,0,0,0,0,0,0,0,0,0,0,0
commentisfree/2015/dec/10/we-cant-ignore-a-young-womans-plea-for-a-rare-cancer-drug,0,0,0,2,0,0,0,1,0,0,0,0,0,0,0,0,0,0,0,0,0,0,0,0,0,0,0,0,0,0,0,0,0,0,0,0,0,0,0,0,0,0,0,0,0,0,0,0,0,0,0,0,0,0,0,0,0,0,0,0,0,0,0,0,0,0,0,0,0,0,0,0,0,0,0,0,0,0,0,0,0,0,0,0,0,0,0,0,0,0,0,0,0,0,0,0,0,0,0,0,0,0,0,0,0,0,0,0,0,0,0,0,0,0,0,0,0,0,0,0,0,0,0,0,0,0,0,0,0,0,0,0,0,0,0,0,0,0,0,1,0,0,0,0
commentisfree/2016/apr/25/the-guardian-view-on-bhs-on-the-high-street,0,0,0,0,0,0,0,0,0,0,0,0,0,0,0,0,0,0,0,0,0,0,0,0,0,0,0,0,0,0,0,0,0,0,0,0,0,0,0,0,0,0,0,0,0,0,0,0,0,0,0,0,0,0,0,1,0,0,0,0,0,0,0,0,0,0,0,0,0,0,0,0,0,0,0,0,2,0,0,0,0,0,0,0,0,0,0,0,0,0,0,0,0,0,0,0,0,0,1,0,0,0,0,0,0,0,0,0,0,0,0,0,0,0,0,0,0,0,0,0,0,0,0,0,0,0,0,0,0,0,0,0,0,0,0,0,0,0,0,0,0,0,0,0
us-news/2016/mar/24/crew-demolishes-wrong-home-after-texas-tornado,0,0,0,0,0,0,0,0,0,0,0,0,0,0,0,0,0,0,0,0,0,0,0,0,0,0,0,0,0,0,0,0,0,0,0,0,0,0,0,0,0,0,0,0,0,0,0,0,1,0,0,0,0,0,0,1,0,0,0,0,0,0,0,0,0,0,0,0,0,0,0,0,0,0,0,0,0,0,0,0,0,0,0,0,0,0,0,0,1,0,0,0,0,0,0,0,0,0,0,0,0,0,0,0,0,0,0,0,0,0,0,0,0,0,0,0,0,0,0,0,0,0,0,0,0,0,0,0,0,0,0,1,0,0,0,0,0,0,0,0,0,0,0,0
tv-and-radio/2015/sep/27/founding-father-of-the-archers,0,0,0,0,0,0,0,0,0,0,0,0,0,0,0,0,0,0,0,0,0,0,0,0,0,0,0,0,0,0,0,0,0,0,0,0,0,0,0,0,0,0,0,0,0,0,0,0,0,0,0,0,0,0,0,0,0,0,0,0,0,0,0,0,0,0,0,0,0,0,0,0,0,0,0,0,0,0,0,0,0,0,0,0,0,0,0,0,0,0,0,0,0,0,0,0,0,0,0,0,0,0,0,0,0,0,0,0,0,0,0,0,0,0,0,0,0,0,0,0,0,0,0,0,0,0,0,0,0,0,0,0,0,0,0,0,0,0,0,0,0,0,0,0
cities/2015/oct/29/stuyvesant-town-corporate-greed-affordable-housing-new-york,0,0,0,0,0,0,0,0,0,0,0,0,0,0,0,0,0,0,0,0,0,0,0,0,0,0,0,0,0,0,0,0,0,0,0,0,0,0,0,0,0,0,0,0,0,0,0,0,1,0,0,0,0,0,0,1,0,0,0,0,0,0,0,0,0,0,0,0,0,0,0,0,0,0,0,0,0,0,1,0,0,0,0,0,0,0,0,0,0,0,0,0,0,0,0,0,0,0,0,0,0,1,0,0,0,0,0,0,0,0,0,0,0,0,0,0,0,1,0,0,0,0,0,0,0,0,0,0,0,0,0,1,0,0,0,0,0,0,0,0,0,0,0,0
music/musicblog/2016/jun/28/tindersticks-stuart-staples-cult-heroes,0,0,0,0,0,0,0,0,0,0,0,0,0,0,0,0,0,0,0,0,0,0,0,0,0,0,0,0,0,0,0,0,0,0,0,0,0,0,0,0,0,0,0,0,0,0,0,0,0,0,0,0,0,0,0,1,0,0,0,0,0,0,0,0,0,0,0,0,0,0,0,0,0,0,0,0,2,0,0,0,0,0,0,0,0,0,0,0,0,0,0,0,0,0,0,0,0,0,0,0,0,0,0,0,0,0,0,0,0,0,0,0,0,0,0,0,1,0,0,1,0,0,0,0,0,0,0,0,0,0,0,0,0,0,0,0,0,0,0,0,0,0,0,0
lifeandstyle/2016/may/10/what-sport-are-you-passionate-about,0,0,0,0,0,0,0,0,0,0,0,0,0,0,0,0,0,0,0,0,0,0,0,0,0,0,0,0,0,0,0,0,0,0,0,0,0,0,0,0,0,0,0,0,0,0,0,0,0,0,0,0,0,0,0,0,0,0,0,0,0,0,0,0,0,0,0,0,0,0,0,0,0,0,0,0,0,0,0,0,0,0,0,0,0,0,0,0,0,0,0,0,0,0,0,0,0,0,0,0,0,0,0,0,0,0,0,0,0,0,0,0,0,1,0,0,0,0,0,0,0,0,0,0,0,0,0,0,0,0,0,0,0,0,0,0,0,0,0,0,0,0,0,0
us-news/2016/jun/17/bernie-sanders-democratic-voters-political-revolution,0,1,0,0,0,0,0,0,0,0,0,0,1,0,0,0,0,0,0,0,0,0,0,0,1,0,0,0,0,0,0,1,0,0,0,0,0,0,0,0,0,0,0,0,0,0,0,0,0,0,0,0,0,0,1,0,0,0,0,0,0,1,0,0,0,0,0,0,0,0,0,0,0,0,0,0,1,0,0,0,0,0,0,0,0,0,0,1,0,0,0,1,0,0,0,0,0,0,0,0,0,0,0,0,0,0,0,0,0,0,1,0,0,0,0,0,0,0,0,0,0,0,0,0,0,0,0,0,0,0,0,0,0,0,0,0,0,0,0,0,0,0,0,0
business/marketforceslive/2016/nov/14/ftse-moves-higher-as-greencore-climbs-on-us-deal-and-william-hill-lifted-by-update,0,0,0,0,0,0,0,0,0,0,0,0,0,0,0,0,0,0,0,0,0,0,0,0,0,0,0,0,0,0,0,0,0,0,0,0,0,0,0,0,0,0,0,0,0,0,0,0,0,0,0,0,0,0,0,1,0,0,0,0,0,0,0,0,0,0,0,0,0,0,0,0,0,0,0,0,0,0,1,0,0,0,0,0,0,0,0,0,0,0,0,0,0,0,0,0,0,0,0,0,0,0,0,0,0,0,0,0,0,0,0,0,0,0,0,0,0,0,0,0,0,0,0,0,0,0,0,0,0,0,0,0,0,0,0,0,2,0,0,0,0,0,0,0
uk-news/2016/nov/25/ebola-nurse-donna-wood-suspended-pauline-cafferkey-temperature,0,0,0,0,0,0,0,0,0,0,0,0,0,0,0,0,0,0,0,0,0,0,0,0,0,0,0,0,0,0,0,0,0,0,0,0,0,0,0,0,0,0,0,0,0,0,0,0,0,0,0,0,0,0,0,0,0,0,0,0,0,0,0,0,0,0,0,0,0,0,0,0,0,0,0,0,0,0,0,0,0,0,0,0,0,0,0,0,0,0,0,0,0,1,0,0,0,0,1,0,0,0,0,0,0,0,0,0,0,0,0,0,0,0,0,0,0,0,0,0,0,0,0,0,0,0,0,0,0,0,0,0,0,0,0,0,0,0,0,0,0,0,0,0
world/2017/feb/03/trump-says-israeli-settlements-not-impediment-to-peace-but-expansion-unhelpful,0,0,0,0,0,0,0,0,0,0,0,0,0,0,0,0,0,0,0,0,0,0,0,0,0,0,0,0,0,0,0,0,0,0,0,0,0,0,0,0,0,0,0,0,0,0,0,0,0,0,0,0,0,0,0,0,0,0,0,0,0,0,0,0,0,0,0,0,0,0,0,0,0,0,0,0,0,0,0,0,0,0,0,0,0,0,0,0,0,0,0,0,0,0,0,0,0,0,0,0,0,0,0,0,0,0,0,0,0,0,0,0,0,0,0,0,0,0,0,0,0,0,0,0,0,0,0,0,0,0,0,0,0,0,0,1,0,0,0,0,0,0,0,0
us-news/2016/may/11/bernie-sanders-campaign-hillary-clinton-democrats,0,0,0,0,0,0,0,0,0,0,0,0,0,0,0,0,0,0,0,0,0,0,0,0,1,0,0,0,0,0,0,0,0,0,0,0,0,0,0,0,0,0,0,0,2,0,0,0,0,0,0,0,0,0,0,0,0,0,0,0,0,1,0,0,0,0,0,0,0,0,0,0,0,0,0,0,0,0,0,0,0,0,0,0,0,0,0,0,0,0,1,0,0,0,0,0,0,0,0,0,0,0,0,0,0,0,0,0,0,0,0,0,0,0,0,0,0,0,0,0,0,0,0,0,0,0,0,0,0,0,0,0,0,0,0,0,0,0,0,0,0,0,0,0
commentisfree/2017/feb/15/pauline-hanson-is-more-sophisticated-now-yeah-and-so-are-guns-n-roses,0,0,0,0,0,0,0,0,0,0,0,0,0,0,0,0,0,0,0,0,0,0,0,0,0,0,0,0,0,0,0,0,0,0,0,0,0,0,0,0,0,0,0,0,0,0,0,0,0,0,0,0,0,0,0,0,0,0,0,0,1,0,0,0,0,0,0,0,0,0,0,0,0,0,0,0,0,0,1,0,0,1,0,0,0,0,0,0,0,0,0,0,0,0,0,0,0,0,0,0,0,0,0,0,0,0,0,0,0,0,0,0,0,0,0,0,0,0,0,0,0,0,0,0,0,0,0,0,0,0,0,0,0,0,0,0,0,0,0,0,0,0,0,0
society/2016/mar/20/opening-hours-binge-drinking,0,0,0,0,0,0,0,0,0,0,0,0,0,0,0,0,0,0,0,0,0,3,0,0,0,0,0,0,0,1,0,0,0,0,0,0,0,0,0,0,0,0,0,0,0,0,0,0,0,0,0,0,0,0,0,1,0,0,0,0,0,0,0,0,0,0,0,0,0,0,0,0,0,0,0,0,0,0,0,0,0,0,0,0,0,0,0,0,0,0,0,0,0,0,0,0,0,0,0,0,0,0,0,0,0,0,0,0,0,0,0,0,0,0,0,0,0,0,0,0,0,0,0,0,0,0,0,0,0,0,0,0,0,0,0,0,0,0,0,0,0,0,0,0
media/2016/may/07/bbc-netflix-data-twitter-facebook-bbc-id,0,0,0,0,0,0,0,0,0,0,0,0,0,0,0,0,0,0,0,0,0,0,1,0,0,0,0,0,0,0,0,0,0,0,0,0,0,0,0,0,0,0,0,0,0,0,0,0,0,0,0,0,1,0,0,0,0,0,0,0,0,0,0,0,0,0,0,0,0,0,0,0,0,0,0,0,0,0,0,0,0,0,0,0,0,0,0,0,0,2,0,0,0,0,0,0,3,0,0,0,0,1,0,0,0,0,0,0,1,0,0,0,0,4,0,0,0,0,0,0,0,0,0,0,0,0,0,0,0,0,0,0,0,0,0,0,0,0,0,0,0,0,0,0
football/blog/2016/nov/06/mousa-dembele-tottenham-mauricio-pochettino-arsenal,0,0,0,0,0,0,0,0,0,0,0,0,1,0,0,0,0,0,0,0,0,0,0,0,1,0,0,0,0,0,0,0,0,0,0,0,0,0,0,0,0,0,0,0,0,0,0,0,0,0,0,0,0,0,0,0,0,0,0,0,0,0,0,0,0,0,0,0,0,0,0,0,0,0,0,0,0,0,0,0,0,0,0,0,0,0,0,0,0,0,0,0,0,0,0,0,0,0,0,0,0,0,0,0,0,0,0,0,0,0,0,0,0,0,0,0,0,0,0,0,0,0,0,0,0,0,0,0,0,0,0,0,0,0,0,0,0,0,0,0,0,0,0,0
books/2016/may/16/how-to-talk-about-places-youve-never-been-importance-of-armchair-travel-pierre-bayard-review,0,0,0,0,0,0,0,0,0,0,0,0,0,0,0,0,0,0,1,0,0,0,0,0,0,0,0,0,0,0,0,0,0,0,0,0,0,0,0,0,0,0,0,0,0,0,0,0,0,0,0,0,0,0,0,0,0,0,0,0,0,0,0,0,0,0,0,0,0,0,0,0,0,0,0,0,0,0,0,0,0,0,0,0,0,0,0,0,0,0,0,0,0,0,0,0,1,0,0,0,0,0,0,0,0,0,0,0,0,0,0,0,0,0,0,1,0,0,0,1,0,0,0,0,0,0,0,0,0,0,0,0,0,0,0,0,0,0,0,0,0,0,0,0
world/2015/nov/10/high-probability-russian-flight-was-bombed-says-uk-defence-minister,0,0,1,0,0,0,0,0,0,0,0,0,0,0,0,0,0,0,0,0,0,0,0,0,0,0,0,0,0,0,0,0,0,0,0,0,0,0,0,0,0,0,0,0,0,0,0,0,0,0,0,0,0,0,0,0,0,0,0,0,0,0,0,0,0,0,0,0,0,0,0,0,0,0,0,0,0,0,0,0,0,0,0,0,0,0,0,0,0,0,0,0,0,0,0,0,0,0,0,0,0,0,0,0,0,0,0,0,0,0,0,0,0,0,0,0,0,0,0,0,0,0,0,0,0,0,0,0,0,0,0,0,0,0,0,0,0,0,0,0,0,0,0,0
money/blog/2016/may/14/google-ban-payday-lender-ads,2,0,0,0,0,0,0,0,0,0,1,0,0,0,0,0,0,0,0,0,0,0,0,2,0,0,0,0,0,0,0,0,0,0,0,0,0,0,0,0,0,0,0,0,0,0,0,0,0,0,2,0,0,0,0,0,0,0,0,0,0,0,0,0,0,0,0,0,1,6,0,0,0,0,0,0,0,0,0,0,1,1,0,0,0,0,0,0,0,0,0,0,0,0,0,0,0,0,0,0,0,0,1,0,0,0,0,0,0,0,0,0,1,0,0,0,0,0,0,1,1,0,5,0,0,0,0,0,0,0,0,0,0,12,1,0,0,0,0,1,0,0,0,0
sport/2016/jul/19/horse-racing-tips-wednesday-20-july,0,0,0,0,0,0,0,0,0,0,0,0,0,0,0,0,0,0,0,0,0,0,0,0,0,0,0,0,0,0,0,0,0,0,0,0,0,0,0,0,0,0,0,0,0,0,0,0,0,0,0,0,0,0,0,0,0,0,0,0,0,0,0,0,0,0,0,0,0,0,0,0,0,0,0,0,0,0,0,0,0,0,0,0,0,0,0,0,0,0,0,0,0,0,0,0,0,0,0,0,0,0,0,0,0,0,0,0,0,0,0,0,0,0,0,0,0,0,0,0,1,0,0,0,0,0,0,0,0,0,0,0,0,0,0,0,0,0,0,0,0,0,0,0
business/2016/apr/10/former-health-secretary-stephen-dorrell-accused-over-publishing-dealings,0,0,0,0,0,0,0,0,0,0,0,0,0,0,0,0,0,0,0,0,0,0,0,0,0,0,0,0,0,0,0,0,0,0,0,0,0,0,0,0,0,0,0,0,0,0,0,0,0,0,0,0,0,0,0,0,0,0,0,0,0,0,0,0,0,0,0,0,0,0,0,1,0,1,0,0,0,0,0,0,0,0,0,0,0,0,0,0,4,0,0,0,0,2,0,0,0,0,0,0,0,0,0,0,0,0,0,0,0,0,0,0,0,0,0,0,0,0,0,0,0,0,0,0,0,0,0,0,0,0,0,0,0,0,0,0,0,0,0,0,0,0,0,0
commentisfree/2016/apr/24/trees-make-our-lives-better-in-unquantifiable-ways,0,0,0,0,0,0,0,0,0,0,0,0,0,0,0,0,0,0,0,0,0,0,0,0,0,0,0,0,0,1,0,0,0,0,0,0,0,0,0,0,0,0,0,0,0,0,0,0,0,0,0,0,0,0,0,0,0,0,0,0,0,0,0,0,0,0,0,0,0,0,0,0,0,0,0,0,0,0,0,0,0,0,0,0,0,0,0,0,0,0,0,0,0,0,0,0,0,0,0,0,0,0,0,0,0,0,0,0,0,0,0,0,0,0,0,0,0,0,0,0,0,0,0,0,0,0,0,0,0,0,0,0,0,0,0,0,0,0,0,0,0,0,0,0
us-news/2015/may/15/boston-bomber-dzhokhar-tsarnaev-death,0,0,0,0,0,0,0,0,0,0,0,0,0,0,0,0,0,0,0,0,0,1,0,0,0,0,0,0,0,0,0,0,0,0,0,0,0,0,0,0,0,0,0,0,0,0,0,0,0,0,0,0,6,0,0,0,0,0,0,0,1,0,0,0,0,0,0,0,0,0,0,0,0,0,0,0,0,0,0,0,0,0,0,0,0,0,0,0,0,0,0,0,0,0,0,0,0,0,0,0,0,0,0,0,0,0,0,0,0,0,0,0,1,0,0,0,0,0,0,0,0,0,0,0,0,0,0,0,0,0,1,0,0,0,0,0,0,0,0,0,0,0,0,0
football/2016/jul/27/a-hunger-for-success-match-only-by-a-hunger-for-cake-and-pizza,0,0,0,0,0,0,0,0,0,0,0,0,0,0,0,0,0,0,0,0,0,0,0,0,0,0,0,0,1,0,0,0,0,0,0,1,0,0,0,0,0,0,0,0,0,0,0,0,0,0,0,0,0,0,0,0,0,0,0,0,0,0,0,0,0,0,0,0,0,0,0,0,0,0,0,0,0,0,0,0,0,0,0,0,0,0,0,0,1,0,0,0,0,0,0,0,0,0,0,0,0,0,0,0,0,0,0,0,0,0,0,0,0,0,0,0,0,0,0,0,2,0,0,0,0,0,0,0,0,0,0,0,0,0,0,0,0,0,0,0,0,0,0,0
us-news/2015/dec/08/robbers-make-off-with-173000-worth-of-jewellry,0,0,0,0,0,0,0,0,0,0,0,0,0,0,0,0,0,0,0,0,0,0,0,0,0,0,0,0,0,0,0,0,0,0,0,0,0,0,0,0,0,0,0,0,0,0,0,0,0,0,0,0,0,0,1,0,0,0,0,0,0,0,0,0,0,0,0,0,0,0,0,0,0,1,0,0,3,0,0,0,0,0,0,0,0,0,0,0,0,0,0,0,0,0,0,0,0,0,0,0,0,0,0,0,0,0,0,0,0,0,0,0,0,0,0,0,0,0,0,0,0,0,0,0,0,0,0,0,0,0,0,0,0,0,0,0,0,0,0,0,0,0,0,0
lifeandstyle/2016/jan/02/i-have-a-secret-to-confess-about-my-parenting-skills,0,0,0,0,0,0,0,0,0,0,0,0,0,0,0,0,0,0,0,0,0,0,0,0,0,0,0,0,0,0,0,0,0,0,0,0,0,0,0,0,0,0,0,0,0,0,0,0,0,0,0,0,0,0,0,0,0,0,0,0,0,0,0,0,0,0,0,0,0,0,0,0,0,0,0,0,0,0,0,0,0,0,0,0,0,0,0,0,0,0,0,0,0,0,0,2,0,0,0,0,0,0,0,0,0,0,0,0,0,0,0,0,0,0,0,0,0,0,0,0,0,0,0,0,0,0,0,0,0,0,0,0,0,0,0,0,0,0,0,0,0,0,0,0
commentisfree/2016/nov/26/human-factor-gave-us-brexit-trump,0,0,0,1,0,0,1,0,0,0,0,0,0,0,0,0,0,0,0,0,0,0,0,0,0,0,0,0,0,0,0,0,0,0,0,0,0,0,0,0,0,0,0,0,0,0,0,0,0,0,0,0,0,0,0,0,0,0,0,0,0,0,0,0,0,0,0,0,0,0,0,0,0,0,0,0,0,0,0,0,0,0,0,0,0,0,0,0,0,0,0,0,0,1,0,0,1,0,0,0,0,0,0,0,0,0,0,0,0,0,0,0,0,0,0,0,0,0,0,0,1,0,0,0,0,0,0,0,0,0,0,0,0,0,0,0,0,0,0,0,0,0,0,0
healthcare-network/2015/nov/17/patient-feedback-improving-nhs-care,1,0,0,0,0,0,1,0,0,0,0,0,0,0,0,0,0,0,0,0,0,1,0,0,1,0,0,0,0,0,0,0,0,0,0,0,0,0,0,0,0,0,0,0,0,0,0,0,0,0,0,0,0,0,0,0,0,0,0,0,0,0,0,0,0,0,0,0,1,0,0,2,0,1,0,0,0,0,0,0,0,0,0,0,0,0,0,0,0,0,0,0,0,0,0,0,0,0,0,0,0,0,2,0,0,0,0,0,0,0,0,0,0,0,0,0,0,0,0,0,0,0,0,0,0,0,0,0,0,0,0,0,0,0,3,0,0,0,0,0,0,0,0,0
lifeandstyle/2016/nov/19/why-seaweed-is-great-for-gardens-alys-fowler,0,0,0,0,0,0,0,0,0,0,0,0,0,0,0,0,0,0,0,0,0,0,0,1,0,0,0,0,0,0,0,0,0,0,0,0,0,0,0,0,0,0,0,2,0,0,0,0,0,0,0,0,0,0,0,0,0,0,0,0,0,0,0,0,0,0,0,0,0,0,0,0,0,0,0,0,0,0,0,0,0,0,0,0,0,0,0,0,0,0,0,0,0,0,0,0,0,0,0,0,0,0,0,0,0,0,0,0,0,0,0,0,0,0,0,0,0,0,0,0,0,0,0,0,0,0,0,0,0,0,0,0,0,0,0,0,0,0,0,0,0,0,0,0
society/2015/nov/25/holloway-prison-closure-fearsome-reputation,0,0,0,0,0,0,0,0,0,0,0,0,0,0,0,0,0,0,0,0,0,0,0,0,0,0,0,0,0,0,0,0,0,0,0,0,0,0,0,0,0,0,0,0,0,0,0,0,0,0,0,0,0,0,0,0,0,0,0,0,0,0,0,0,0,0,0,0,0,0,0,0,0,0,0,0,0,0,0,0,0,0,0,0,0,0,0,0,0,0,0,0,0,0,0,0,0,0,0,0,0,0,0,0,0,0,0,0,0,0,0,0,0,0,0,0,0,0,0,0,0,0,0,0,0,0,0,0,0,0,1,1,0,0,0,0,0,0,0,0,0,0,0,0
commentisfree/2016/jan/10/keep-britain-tidy-what-the-queen-would-want,0,0,0,0,0,0,0,0,0,0,0,0,0,0,0,0,0,0,0,0,0,0,0,0,0,0,0,0,0,0,0,2,0,0,0,0,0,0,0,0,0,0,0,0,0,0,0,0,0,0,0,0,0,0,0,0,0,0,0,1,0,0,0,0,0,0,0,0,0,0,0,0,0,1,0,0,0,0,0,0,0,1,0,0,0,0,0,0,0,0,0,0,0,0,0,0,0,0,0,0,0,0,0,0,0,0,0,0,0,0,0,0,0,0,0,0,0,0,0,0,0,0,0,0,0,0,0,0,0,0,0,0,0,0,0,0,0,0,0,1,0,0,0,0
environment/2016/apr/25/feathered-blades-and-feathered-wings-lake-district,0,0,0,0,0,0,0,0,0,0,0,0,0,0,0,0,0,0,0,0,0,0,0,0,0,0,0,0,0,0,0,0,0,0,0,0,0,0,0,0,0,0,0,0,0,0,0,0,0,0,0,0,0,0,0,0,0,0,0,0,0,0,0,0,0,0,0,0,0,0,0,0,0,0,0,0,0,0,0,0,0,0,0,0,0,0,0,0,0,0,0,0,0,0,0,0,0,0,0,0,0,0,0,0,0,0,0,0,0,0,0,0,0,0,0,0,0,0,0,0,0,0,0,0,1,0,0,0,0,0,0,0,0,0,0,0,0,0,0,0,0,0,0,0
higher-education-network/2016/sep/15/power-list-the-50-people-with-most-influence-over-uk-universities,0,0,0,0,0,0,0,0,0,1,0,0,0,0,0,0,0,0,0,0,0,0,0,0,0,0,0,0,0,0,0,0,0,0,0,0,0,0,0,0,0,0,0,0,0,0,0,0,0,0,0,0,0,0,0,0,0,0,0,0,0,0,0,0,0,0,0,0,0,0,0,0,0,0,0,0,0,0,0,0,0,0,0,0,0,0,0,0,0,0,0,1,0,0,0,0,0,0,0,0,0,0,0,0,0,0,0,0,0,0,0,0,0,0,0,0,0,0,0,0,0,0,0,0,0,0,0,0,0,0,0,0,0,0,0,0,0,0,0,0,0,0,0,0
commentisfree/2017/feb/28/inheritance-tax-north-south-divide,0,0,0,0,0,0,0,0,0,0,0,0,0,0,0,0,0,0,0,0,0,0,0,0,0,0,0,0,0,0,0,0,0,0,0,0,0,0,0,0,0,0,0,0,0,0,0,0,0,0,0,0,0,0,0,0,0,0,0,0,0,0,0,0,0,0,0,0,0,0,0,0,0,0,0,0,0,0,0,0,0,0,0,0,0,0,0,0,0,0,0,0,0,0,0,0,0,0,0,0,0,0,0,0,0,0,0,0,0,0,0,0,0,0,0,0,0,0,0,0,0,0,0,0,0,0,0,0,0,0,0,0,0,0,0,0,0,0,0,0,0,0,0,0
stage/2017/mar/16/la-cage-aux-folles-theatre-gay-marriage-john-partridge,0,0,0,0,0,0,0,0,0,0,0,0,0,0,0,0,0,0,0,0,0,0,0,0,0,0,0,0,0,0,0,0,0,0,0,0,0,0,0,0,0,0,0,0,0,0,0,0,0,0,0,0,0,0,0,0,0,0,0,0,0,0,0,0,0,0,0,0,0,0,0,0,0,0,0,0,0,0,0,0,0,0,0,0,0,0,0,0,0,0,0,0,0,0,0,0,0,0,0,0,0,0,0,0,0,0,0,0,0,0,0,0,0,0,0,0,0,0,0,0,0,0,0,0,0,0,0,0,0,0,0,0,0,0,0,0,0,0,0,0,0,0,0,0
sport/2015/aug/07/netball-world-cup-england-scotland,0,0,0,0,0,0,0,0,0,0,0,0,0,0,0,0,0,0,0,0,0,0,0,0,0,0,0,0,0,0,0,0,0,0,0,0,0,0,0,0,0,0,0,0,0,0,0,0,0,0,0,0,0,0,0,0,0,0,0,0,0,0,0,0,0,0,0,0,0,0,0,0,0,0,0,0,0,0,0,0,0,0,0,0,0,0,0,0,0,0,0,0,0,0,0,0,0,0,0,0,0,0,0,0,0,0,0,0,0,0,0,0,0,0,0,0,0,0,0,0,1,0,0,0,0,0,0,0,0,0,0,0,0,0,0,0,0,0,0,0,0,0,0,0
music/2016/jan/24/robert-de-visee-intimite-et-grandeur-cd-review-fred-jacobs-exquisite-playing,0,0,0,0,0,0,0,0,0,0,0,0,0,0,0,0,0,0,0,0,0,0,0,0,0,0,0,0,0,0,0,0,0,0,0,0,0,0,0,0,0,0,0,0,0,0,0,0,0,0,0,0,0,0,0,0,0,0,0,0,0,0,0,0,0,0,0,0,0,0,0,0,0,0,0,0,0,0,0,0,0,0,0,0,0,0,0,0,0,0,0,0,0,0,0,0,0,0,0,0,0,0,0,0,0,0,0,0,0,0,0,0,0,0,0,0,0,0,0,0,0,0,0,0,0,0,0,0,0,0,0,0,0,0,0,0,0,0,0,0,0,0,0,0
global-development/2017/feb/01/africa-public-health-immunisation-african-union,0,0,0,2,0,0,0,0,0,0,0,0,0,0,0,0,0,0,0,0,0,0,0,0,0,0,0,0,0,0,0,0,0,0,0,0,0,0,0,0,0,0,0,0,0,0,0,0,0,0,0,0,0,0,0,0,0,0,0,0,0,0,0,0,0,0,0,0,0,0,0,0,0,0,0,0,0,0,0,0,0,0,0,0,0,0,0,0,0,0,0,0,0,0,0,0,0,0,0,0,0,0,0,0,0,0,0,0,0,0,0,0,0,0,0,0,0,0,0,0,0,1,0,0,0,0,0,0,0,0,0,0,0,0,0,0,0,0,0,0,0,0,0,0
sport/2017/jan/26/roger-federer-beats-stan-wawrinka-to-reach-australian-open-final,0,0,0,0,0,0,0,0,0,0,0,0,0,0,0,0,0,0,0,0,0,0,0,0,0,0,0,0,0,0,0,0,0,0,0,0,0,0,0,0,0,0,0,0,0,0,0,0,0,0,0,0,0,0,0,0,0,0,0,0,0,0,0,0,0,0,0,0,0,0,0,0,0,0,0,0,0,0,0,0,0,0,0,0,0,0,0,0,0,0,0,0,0,0,0,0,1,0,0,0,0,0,0,0,0,0,0,0,0,0,0,0,0,0,0,0,0,0,0,0,0,0,0,0,0,0,0,0,0,0,0,0,0,0,0,0,1,0,0,0,0,0,0,0
uk-news/2015/oct/19/labours-options-on-trident-and-scotland,0,0,0,0,0,0,0,0,0,0,0,0,0,0,0,0,0,0,0,0,0,0,0,0,0,0,0,0,0,0,0,0,0,0,0,0,0,0,0,0,0,0,0,0,0,0,0,0,0,0,0,0,0,0,0,0,0,0,0,0,0,0,0,0,0,0,0,0,0,0,0,0,0,0,0,0,0,0,0,0,0,0,0,0,0,0,0,0,0,0,0,0,0,0,0,0,0,0,0,0,0,0,0,0,0,0,0,0,0,0,0,0,0,0,0,0,0,0,0,0,0,0,0,0,0,0,0,0,0,0,0,0,0,0,0,0,0,0,0,0,0,0,0,0
sport/2016/sep/28/tim-tebow-home-run-on-first-pitch-as-professional-baseball-player,0,0,0,0,0,0,0,0,0,0,0,0,0,0,0,0,0,0,0,0,0,0,0,0,0,0,0,0,0,0,0,0,0,0,0,0,0,0,0,0,0,0,0,0,0,0,0,0,0,0,0,0,0,0,0,0,0,0,0,0,0,0,0,0,0,0,0,0,0,0,0,0,0,0,0,0,0,0,0,0,0,0,0,0,0,0,0,0,0,0,0,0,0,0,0,0,0,0,0,0,0,0,0,0,0,0,0,0,0,0,0,0,0,0,0,0,0,0,0,0,0,0,0,0,0,0,0,0,0,0,0,0,0,0,0,0,0,0,0,0,0,0,0,0
football/2015/dec/10/swansea-coaches-leave-club-departure-garry-monk,0,0,0,0,0,0,0,0,0,0,0,0,0,0,0,0,0,0,0,0,0,0,0,0,0,0,0,0,0,0,0,0,0,0,0,0,0,0,0,0,0,0,0,0,0,0,0,0,0,0,0,0,0,0,0,0,0,0,0,0,0,0,0,0,0,0,0,0,0,0,0,0,0,0,0,0,0,0,0,0,0,0,0,0,0,0,0,0,0,0,0,0,0,0,0,0,0,0,0,0,0,0,0,0,0,0,0,0,0,0,0,0,0,0,0,0,0,0,0,0,1,0,0,0,0,0,0,0,0,0,0,0,0,0,0,0,0,0,0,0,0,0,0,0
music/2016/may/20/five-best-classical-concerts-this-week,0,0,0,0,0,0,0,0,0,0,0,0,0,0,0,0,0,0,0,0,0,0,0,0,0,0,0,0,0,0,0,0,0,0,0,0,0,0,0,0,0,0,0,0,0,0,0,0,0,0,0,0,0,0,0,0,0,0,0,0,0,0,0,0,0,0,0,0,0,0,0,0,0,0,0,0,0,0,0,0,0,0,0,0,0,0,0,0,0,0,0,0,0,0,0,0,0,0,0,0,0,0,0,0,0,0,0,0,0,0,0,0,0,0,0,0,0,0,0,0,0,0,0,0,0,0,0,0,0,0,0,0,0,0,0,0,0,0,0,0,0,0,0,0
global-development/2015/aug/24/young-people-call-on-un-recognise-role-peace-builders-global-forum-youth,0,0,0,0,0,0,0,0,0,0,0,0,0,0,0,0,0,0,0,0,0,0,0,0,1,0,0,0,0,0,0,0,0,0,0,0,0,0,0,0,0,0,0,0,0,0,0,0,0,0,0,0,0,0,0,0,0,0,0,0,0,0,0,0,0,0,0,0,0,0,0,0,0,0,0,0,0,0,0,0,0,0,0,0,0,0,0,0,0,0,0,0,1,0,0,0,0,0,0,0,0,0,0,0,0,0,0,0,0,0,0,0,0,0,0,0,0,0,0,0,0,0,0,0,0,0,0,0,0,0,0,0,0,0,0,0,0,0,0,0,0,0,0,0
australia-news/2016/mar/19/indigenous-organisations-have-been-disadvantaged-by-grants-program,0,0,0,0,0,0,0,0,0,0,0,0,0,0,0,0,0,0,0,0,0,0,0,0,0,0,0,0,0,0,0,0,0,0,0,0,0,0,0,0,0,0,0,0,0,0,0,0,0,0,0,0,0,0,0,0,0,0,0,0,0,0,0,0,0,0,0,0,0,0,0,0,0,0,0,0,0,0,0,0,0,0,0,0,0,0,0,0,0,0,0,0,0,0,0,0,0,0,0,0,0,0,0,0,0,0,0,0,0,0,0,0,0,0,0,0,0,0,0,0,0,0,0,0,0,0,0,0,0,0,0,0,0,0,0,0,0,0,0,0,0,0,0,0
football/2016/oct/20/tottenham-dele-alli-goal-mauricio-pochettino,0,0,0,0,0,0,0,0,0,0,0,0,0,0,0,0,0,0,0,0,0,0,0,0,0,0,0,0,0,0,0,0,0,0,0,0,0,0,0,0,0,0,0,0,0,0,0,0,0,0,0,0,0,0,0,0,0,0,0,0,0,0,0,0,0,0,0,0,0,0,0,0,0,0,0,0,0,0,0,0,0,0,0,0,0,0,0,0,0,0,0,0,0,0,0,0,0,0,0,0,0,0,0,0,0,0,0,0,0,0,0,0,0,0,0,0,0,0,0,0,0,0,0,0,0,0,0,0,0,0,1,0,0,0,0,0,0,0,0,0,0,0,0,0
football/blog/2017/mar/03/liverpool-jurgen-klopp-top-four-champions-league-arsenal,0,0,0,0,0,0,0,0,0,0,0,0,1,0,0,0,0,0,0,0,0,0,0,0,0,0,0,0,0,0,0,0,0,0,0,0,0,0,0,0,0,0,0,0,0,0,0,0,0,0,0,0,0,0,0,0,0,0,0,0,0,0,0,0,0,0,0,0,0,0,0,0,0,0,0,0,0,0,1,0,0,0,0,0,0,0,0,0,0,0,0,0,0,0,0,0,0,0,0,0,0,0,0,0,0,0,0,0,0,0,0,0,0,0,0,0,0,0,0,0,0,0,0,0,0,0,0,0,0,0,0,0,0,0,0,0,0,0,0,0,0,0,0,0
world/2016/apr/20/death-toll-rises-talibans-deadliest-attack-kabul-since-2011,0,0,0,0,0,0,0,0,0,0,0,0,1,0,0,0,0,0,0,0,0,1,0,0,0,0,0,0,0,0,0,0,0,0,0,0,0,0,2,0,0,0,0,0,0,0,0,0,0,0,0,0,0,0,0,0,0,0,0,0,0,0,0,0,0,0,0,0,2,0,0,0,0,0,0,0,0,0,0,0,0,0,1,0,0,0,0,1,0,0,0,0,0,0,0,0,0,0,3,0,0,0,0,0,0,0,0,0,0,0,0,0,0,0,1,0,0,0,0,0,0,0,0,0,2,0,0,0,0,0,0,0,0,0,0,0,0,0,0,0,0,0,0,0
politics/2016/nov/21/government-begins-scaling-back-uk-civil-service-in-eu,0,0,0,0,0,0,0,0,0,0,0,0,0,0,0,0,0,0,0,0,0,0,0,0,0,0,0,0,0,0,0,0,0,0,0,0,0,0,0,0,0,0,0,0,0,0,0,0,0,0,0,0,0,0,0,0,0,0,0,0,0,0,0,0,0,0,0,0,0,0,0,0,0,0,0,0,0,0,0,0,0,0,0,0,0,0,0,0,0,0,0,0,0,0,0,0,0,0,0,0,0,0,0,0,0,0,0,0,0,0,0,0,0,0,0,0,0,0,0,0,0,0,0,0,0,0,0,0,0,0,0,0,0,0,0,0,0,0,0,0,0,0,0,0
sport/2016/dec/02/eddie-jones-clown-michael-cheika-england-australia,0,0,0,0,0,0,0,0,0,0,0,0,0,0,0,0,0,0,0,0,0,0,0,0,0,0,0,0,0,0,0,0,0,0,0,0,0,0,0,0,0,0,0,0,0,0,0,0,0,0,0,0,0,0,0,0,0,0,0,0,0,0,0,0,0,0,0,0,0,0,0,0,0,0,0,0,0,0,0,0,0,0,0,0,0,0,0,0,0,0,0,0,0,1,0,0,0,0,0,0,0,0,0,0,0,0,0,0,0,0,0,0,0,0,0,0,0,0,0,0,2,0,0,0,0,0,0,0,0,0,1,0,0,0,0,0,0,0,0,0,0,0,0,0
music/2016/aug/19/tory-lanez-debut-album-i-told-you-interview,0,0,0,0,0,0,0,0,0,0,0,0,0,0,0,0,0,0,0,0,0,0,0,0,0,0,0,0,0,0,0,0,0,0,0,0,0,0,0,0,0,0,0,0,0,0,0,0,0,0,0,0,0,0,0,0,0,0,0,0,0,0,0,0,0,0,0,0,0,0,0,0,0,0,0,0,0,0,0,0,0,0,0,0,0,0,0,0,0,0,0,0,0,0,0,0,0,0,0,0,0,0,0,0,0,0,0,0,0,0,0,0,0,0,1,0,2,0,0,0,0,0,0,0,0,0,0,0,1,0,0,0,0,0,0,0,0,0,0,0,0,0,0,0
world/2016/oct/21/bob-day-forgives-14m-loan-to-family-first-as-liquidators-assess-company,0,0,0,0,0,0,0,0,0,0,0,0,0,0,0,0,0,0,0,0,0,0,0,0,0,0,0,0,0,0,0,0,0,0,0,0,0,0,0,0,0,0,0,0,0,0,0,0,0,0,0,0,0,0,0,0,0,0,0,0,0,0,0,0,0,0,0,0,0,0,0,0,0,0,0,0,0,0,0,0,0,0,0,0,0,0,0,0,1,0,0,0,0,0,0,0,0,0,0,0,0,0,0,0,0,0,0,0,0,0,0,0,0,0,0,0,0,0,0,0,0,0,0,0,0,0,0,0,0,0,0,0,0,0,0,0,0,0,0,0,0,0,0,0
sustainable-business/2016/sep/22/apps-maps-water-footprint-companies-scarce-resource-supply-chain-farmers,0,0,0,0,0,0,0,0,0,0,0,0,0,0,0,0,0,0,0,0,0,0,1,1,0,0,0,0,0,0,0,0,0,0,0,0,0,0,1,0,0,0,0,0,0,1,0,0,0,0,0,0,2,0,0,0,0,0,0,0,0,0,0,0,0,0,2,0,0,0,0,0,0,0,0,0,0,0,0,0,0,0,0,0,0,0,0,0,0,0,0,1,0,0,0,0,0,0,0,0,0,0,0,0,0,0,0,0,0,0,0,0,0,1,0,0,0,0,0,0,0,0,0,0,1,0,0,0,0,0,0,1,0,0,0,0,0,0,0,0,0,0,0,0
uk-news/2015/jun/25/palace-denies-queen-words-britain-eu-political,0,0,0,0,0,0,0,0,0,0,0,0,0,0,0,0,0,0,0,0,0,0,0,0,0,0,0,0,0,0,0,0,0,0,0,0,0,0,0,0,0,0,0,0,0,0,0,0,0,0,0,0,0,0,0,0,0,0,0,0,0,0,0,0,0,0,0,0,0,0,0,0,0,0,0,0,0,0,0,0,0,0,0,0,0,0,0,0,0,0,0,0,0,0,0,0,0,0,0,0,0,0,0,0,0,0,0,0,0,0,3,0,0,0,0,0,0,0,0,0,0,0,0,0,0,0,0,0,0,0,0,0,0,0,0,0,0,0,0,0,0,0,0,0
childrens-books-site/quiz/2015/jul/14/quiz-bastille-day-french-childrens-books,0,0,0,0,0,0,0,0,0,0,0,0,0,0,0,0,0,0,0,0,0,0,0,0,0,0,0,0,0,0,0,0,0,0,0,0,0,0,0,0,0,0,0,0,0,0,0,0,0,0,0,0,0,0,0,0,0,0,0,0,0,0,0,0,0,0,0,0,0,0,0,0,0,0,0,0,0,0,0,0,0,0,0,0,0,0,0,0,0,0,0,0,0,0,0,0,0,0,0,0,0,0,0,0,0,0,0,0,0,0,0,0,0,0,0,0,0,0,0,0,0,0,0,0,0,0,0,0,0,0,0,0,0,0,0,0,0,0,0,0,0,0,0,0
us-news/live/2017/feb/23/steve-bannon-donald-trump-cpac,0,0,0,0,0,0,0,0,0,0,0,0,0,0,0,0,0,0,0,0,0,0,0,0,0,0,0,0,0,0,0,0,0,0,0,0,0,0,0,0,0,0,0,0,0,0,0,0,0,0,0,0,0,0,0,0,0,0,0,0,0,0,0,0,0,0,0,0,0,0,0,0,0,0,0,0,0,0,0,0,0,0,0,0,0,0,0,0,0,0,0,0,0,0,0,0,0,0,0,0,0,0,0,0,0,0,0,0,0,0,0,0,0,0,0,0,0,0,0,0,0,0,0,0,0,0,0,0,0,0,0,0,0,0,0,0,0,0,0,0,0,0,0,0
media/2015/jun/25/sir-martin-sorrell-bbc-licence-fee,0,0,0,0,0,0,0,0,0,0,0,0,1,0,0,0,0,0,0,0,0,0,0,0,0,0,0,0,0,0,0,0,0,0,0,0,0,0,0,0,0,0,0,0,0,0,0,0,0,0,0,0,0,0,1,0,0,0,0,0,0,0,0,0,0,0,0,0,0,0,0,0,0,0,0,0,0,0,0,0,0,0,0,0,0,0,0,0,0,0,0,0,0,0,0,0,0,0,0,0,0,0,0,0,0,0,0,0,0,0,0,0,0,1,0,0,0,0,0,0,0,0,0,0,0,0,0,0,0,0,0,0,0,0,0,0,0,0,0,0,0,0,0,0
football/2015/may/18/best-goals-week-marco-fabian-hat-trick-hulk-djaniny,0,0,0,0,0,0,0,0,0,0,0,0,0,0,0,0,0,0,0,0,0,0,0,0,0,0,0,0,0,0,0,0,0,0,0,0,0,0,0,0,0,0,0,0,0,0,0,0,0,0,0,0,0,0,0,0,0,0,0,0,0,0,0,0,0,0,0,0,0,0,0,0,0,0,0,0,0,0,0,0,0,0,0,0,0,0,0,0,0,0,0,0,0,0,0,0,0,0,0,0,0,0,0,0,0,0,0,0,0,0,0,0,0,0,0,0,0,0,0,0,0,0,0,0,0,0,0,0,0,0,0,0,0,0,0,0,0,0,0,0,0,0,0,0
world/2016/apr/12/mp-david-davis-calls-limit-uk-surveillance-powers-european-court-justice,0,0,0,0,0,0,0,0,0,0,0,0,0,0,0,0,0,1,0,0,0,2,0,0,0,0,0,0,0,0,0,0,0,1,3,0,0,0,0,0,0,0,1,0,0,0,0,0,0,0,0,1,0,0,6,0,0,0,0,0,0,0,0,0,0,0,0,0,0,0,0,0,0,0,0,0,0,0,0,0,0,0,0,0,0,0,0,0,0,0,0,1,2,0,0,0,0,0,0,1,0,0,0,0,0,0,0,0,0,0,0,0,0,1,0,0,0,5,0,0,0,0,0,2,0,0,0,0,0,0,0,0,0,0,0,1,0,0,0,0,0,0,0,0
society/2016/may/09/doctors-wary-pharmacies-nhs-check-ups-treatments-boots,0,0,0,1,0,0,0,0,0,0,0,0,0,0,0,1,0,0,0,0,0,0,0,1,0,0,0,0,0,0,0,0,0,0,0,0,0,0,0,0,0,0,0,0,0,0,0,0,0,0,0,0,0,0,0,0,0,0,0,0,0,0,0,0,0,0,0,0,0,0,0,0,0,0,0,0,1,0,0,0,0,0,0,0,0,0,0,0,0,0,0,0,0,0,0,0,0,0,0,0,0,0,0,0,0,0,0,0,0,0,0,0,0,0,0,0,0,0,0,0,0,0,0,0,0,0,0,0,0,0,0,0,0,0,0,0,0,0,0,0,0,0,0,0
football/2016/nov/02/which-footballers-have-their-nationality-in-their-surnames,0,0,0,0,0,0,0,0,0,0,0,0,0,0,0,0,0,0,0,0,0,0,0,0,0,0,0,0,0,0,0,3,0,0,0,0,0,0,0,0,0,0,0,0,0,0,0,0,0,0,0,0,0,0,0,0,0,0,0,0,0,0,0,0,0,0,0,0,0,0,0,0,0,0,0,0,0,0,0,0,0,0,0,0,0,0,0,0,0,0,0,0,0,0,0,0,0,0,0,0,0,0,0,0,0,0,0,0,0,0,0,0,0,0,0,0,0,0,0,0,0,0,0,0,0,0,0,0,0,0,0,0,0,1,0,0,0,0,0,0,0,0,0,0
us-news/2015/sep/22/no-tech-zone-sign-san-francisco-alamo-square,0,0,0,0,0,0,0,0,0,0,0,0,0,0,0,0,0,0,0,0,0,0,0,0,0,0,0,0,0,0,0,0,0,0,0,0,0,0,0,0,0,0,0,0,0,0,0,0,0,0,0,0,0,0,0,0,0,0,0,0,0,0,0,0,0,0,0,0,0,0,0,0,0,0,0,0,0,0,0,0,0,0,0,0,0,0,0,0,0,0,0,0,0,0,0,0,0,0,0,0,0,0,0,0,0,0,0,1,0,0,0,0,0,0,0,0,0,0,1,0,0,0,0,0,0,0,0,0,0,0,0,1,0,3,0,0,0,0,0,0,1,0,0,0
money/2016/oct/27/nuisance-phone-call-bosses-fines-plus-rise-car-insurance-premiums,0,0,0,0,0,0,0,0,0,0,0,0,0,0,0,0,0,0,0,0,0,0,0,0,0,0,0,0,0,0,0,0,0,0,0,0,0,0,0,0,0,0,0,0,0,0,0,0,0,0,0,0,0,0,0,0,0,0,0,0,0,0,0,0,0,2,0,0,0,0,0,0,0,0,0,0,0,0,0,0,0,0,0,0,0,0,0,0,0,0,0,0,0,0,0,0,0,0,2,0,0,0,0,0,0,0,0,0,0,0,0,0,0,0,0,0,0,0,0,0,0,0,0,0,0,0,0,0,0,0,0,0,0,0,0,0,0,0,0,0,0,0,0,0
us-news/2016/sep/29/donald-trump-energy-proposals-coal-natural-gas,0,0,0,0,0,0,0,0,0,0,0,0,0,0,0,2,0,0,0,0,0,0,0,0,0,0,0,0,0,0,0,0,0,0,0,0,0,0,0,0,0,0,1,0,0,0,0,0,0,0,0,0,0,0,0,0,0,0,0,0,0,0,0,0,0,0,1,0,0,0,0,0,0,0,0,0,0,0,0,0,0,0,0,0,0,0,0,0,0,0,0,0,0,0,0,0,0,0,0,0,0,0,0,0,0,0,0,0,0,0,0,0,0,0,0,0,0,0,0,0,0,0,0,0,0,0,0,0,0,0,0,0,0,0,0,0,0,0,0,0,0,0,0,0
business/2017/feb/05/rolls-royce-faces-civil-service-inquiry-over-uk-state-funding,0,0,0,0,0,0,0,0,0,0,0,0,0,0,0,0,0,0,0,0,0,1,0,0,0,0,0,0,0,0,0,0,1,0,1,0,0,0,1,0,0,0,0,0,0,0,0,0,0,0,0,0,0,0,0,0,0,0,0,0,0,0,0,0,0,0,0,0,0,0,0,0,0,0,0,0,0,0,0,0,0,0,0,0,0,0,1,0,1,0,0,0,1,1,0,0,0,0,0,0,0,0,0,0,0,0,0,0,0,0,0,0,0,1,0,1,0,0,0,0,0,0,0,0,0,0,0,0,0,0,0,0,0,0,0,0,0,0,0,0,0,0,0,0
healthcare-network/views-from-the-nhs-frontline/2016/jan/18/junior-doctors-strike-showed-how-seven-day-nhs-work,0,1,0,0,0,0,0,0,0,0,0,0,0,0,0,0,0,0,0,0,0,0,0,0,0,0,0,0,0,0,0,0,0,0,0,0,0,0,0,0,0,0,0,0,0,0,0,0,0,0,0,0,0,0,0,0,0,0,0,0,0,0,0,0,0,0,0,0,0,0,0,0,0,0,0,0,0,0,0,0,0,0,0,0,0,0,0,0,0,0,0,0,0,0,0,0,0,0,0,0,0,0,0,0,0,0,0,0,0,0,0,0,0,0,0,0,0,0,0,0,0,0,0,0,0,0,0,0,0,0,0,0,0,0,0,0,0,0,0,1,0,0,0,0
tv-and-radio/2016/apr/02/saturdays-best-tv-the-jonathan-ross-show-the-voice-uk-follow-the-money,0,0,0,0,0,0,1,0,0,0,0,0,0,0,0,0,0,0,0,0,0,0,0,0,0,0,0,0,0,0,0,0,0,0,0,0,0,0,0,0,0,0,0,0,0,0,0,0,0,0,0,0,0,0,0,0,0,0,0,0,0,0,0,0,0,0,0,0,0,0,0,0,0,0,0,0,0,0,0,0,0,0,0,0,0,0,0,0,0,0,0,0,0,2,0,0,0,0,0,0,0,0,0,0,0,0,0,0,0,0,0,0,0,0,0,0,0,0,0,0,0,0,0,0,0,0,0,0,0,0,0,0,0,0,0,0,0,0,0,0,0,0,0,0
science/2016/mar/27/lab-that-flushes-out-city-secrets-massachusetts-mit-senseable-lab-sewage,0,0,0,0,0,0,0,1,0,0,0,1,0,0,0,0,0,0,1,0,0,0,0,1,0,0,0,0,0,0,0,0,0,0,0,0,0,0,0,0,0,0,0,0,0,2,0,0,2,0,0,0,0,0,1,0,0,0,0,0,0,0,0,0,0,0,0,0,0,0,0,0,0,0,0,0,0,0,0,0,0,1,1,0,0,0,0,0,0,0,0,1,0,0,0,0,1,0,0,0,0,0,0,0,0,0,0,0,0,0,0,0,1,4,1,0,0,0,0,0,0,0,0,0,0,0,0,0,0,0,0,0,0,1,0,0,0,0,1,0,0,0,0,0
environment/2016/aug/12/why-the-guardian-is-spending-a-year-reporting-on-the-plight-of-the-worlds-elephant-population,0,0,0,0,0,0,0,0,0,0,0,0,0,0,0,0,0,0,0,0,0,0,0,0,0,0,0,0,0,0,0,0,0,0,0,0,0,0,0,0,0,0,0,0,0,0,0,0,0,0,0,0,0,0,0,0,0,0,0,0,0,0,0,0,0,0,0,0,0,0,0,0,0,0,0,0,0,0,0,0,0,0,0,0,0,0,0,0,0,0,0,0,0,0,0,0,0,0,0,0,1,0,0,0,0,0,0,0,0,0,0,0,0,0,0,0,0,0,0,0,0,0,0,0,0,0,0,0,0,0,0,0,0,0,0,0,0,0,0,0,0,0,0,0
sport/2016/apr/17/freddie-burns-harry-mallinder-eye-leicester-northampton,0,0,0,0,0,0,0,0,0,0,0,0,0,0,0,0,0,0,0,0,0,0,0,0,0,0,0,0,0,0,0,0,0,0,0,0,0,0,0,0,0,0,0,0,0,0,0,0,0,0,0,0,0,0,0,0,0,0,0,0,0,0,0,0,0,0,0,0,0,0,0,0,0,0,0,0,0,0,0,0,0,0,0,0,0,0,0,0,0,0,0,0,0,0,0,0,0,0,0,0,0,0,0,0,0,0,0,0,0,0,0,0,0,0,0,0,0,0,0,0,0,0,0,0,0,0,0,0,0,0,0,0,0,0,0,0,0,0,0,0,0,0,0,0
